Workbook

Sheet Dashboard
B1: Belanjawan Kelab Guru
B2: ="Dikemas kini "&TEXT(TODAY(),"d mmm yyyy")&" · data daripada tab Transaksi"
B4: BAKI SEMASA | E4: JUMLAH MASUK | H4: JUMLAH KELUAR | K4: YURAN BELUM BAYAR
B5: =SUM(Transaksi!$G$2:$I$2001)-SUM(Transaksi!$J$2:$J$2001) | E5: =SUM(Transaksi!$G$2:$I$2001) | H5: =SUM(Transaksi!$J$2:$J$2001) | K5: =SUM(Yuran!$X$5:$X$24)
K6: anggaran, ikut jadual Yuran
B8: Lihat bulan | C8: =DATE(YEAR(TODAY()),MONTH(TODAY()),1) | E8: ◂ pilih bulan daripada senarai
B10: MASUK | D10: KELUAR | F10: BERSIH | H10: BIL. REKOD | J10: KELAB DIBAYAR | L10: BELANJA TERBESAR
B11: =SUMIFS(Transaksi!$G$2:$G$2001,Transaksi!$A$2:$A$2001,">="&$C$8,Transaksi!$A$2:$A$2001,"<"&EDATE($C$8,1))+SUMIFS(Transaksi!$H$2:$H$2001,Transaksi!$A$2:$A$2001,">="&$C$8,Transaksi!$A$2:$A$2001,"<"&EDATE($C$8,1))+SUMIFS(Transaksi!$I$2:$I$2001,Transaksi!$A$2:$A$2001,">="&$C$8,Transaksi!$A$2:$A$2001,"<"&EDATE($C$8,1)) | D11: =SUMIFS(Transaksi!$J$2:$J$2001,Transaksi!$A$2:$A$2001,">="&$C$8,Transaksi!$A$2:$A$2001,"<"&EDATE($C$8,1)) | F11: =SUMIFS(Transaksi!$G$2:$G$2001,Transaksi!$A$2:$A$2001,">="&$C$8,Transaksi!$A$2:$A$2001,"<"&EDATE($C$8,1))+SUMIFS(Transaksi!$H$2:$H$2001,Transaksi!$A$2:$A$2001,">="&$C$8,Transaksi!$A$2:$A$2001,"<"&EDATE($C$8,1))+SUMIFS(Transaksi!$I$2:$I$2001,Transaksi!$A$2:$A$2001,">="&$C$8,Transaksi!$A$2:$A$2001,"<"&EDATE($C$8,1))-(SUMIFS(Transaksi!$J$2:$J$2001,Transaksi!$A$2:$A$2001,">="&$C$8,Transaksi!$A$2:$A$2001,"<"&EDATE($C$8,1))) | H11: =COUNTIFS(Transaksi!$A$2:$A$2001,">="&$C$8,Transaksi!$A$2:$A$2001,"<"&EDATE($C$8,1)) | J11: =COUNTIF(INDEX(Yuran!$B$29:$T$48,0,MATCH($C$8,Yuran!$B$28:$T$28,0)),"✓")&" / "&(COUNTIF(INDEX(Yuran!$B$29:$T$48,0,MATCH($C$8,Yuran!$B$28:$T$28,0)),"✓")+COUNTIF(INDEX(Yuran!$B$29:$T$48,0,MATCH($C$8,Yuran!$B$28:$T$28,0)),"✗")+COUNTIF(INDEX(Yuran!$B$29:$T$48,0,MATCH($C$8,Yuran!$B$28:$T$28,0)),"½"))&" ahli" | L11: =SUMPRODUCT(MAX((Transaksi!$J$2:$J$2001)*(Transaksi!$A$2:$A$2001>=$C$8)*(Transaksi!$A$2:$A$2001<EDATE($C$8,1))))
L12: =IF(SUMPRODUCT(MAX((Transaksi!$J$2:$J$2001)*(Transaksi!$A$2:$A$2001>=$C$8)*(Transaksi!$A$2:$A$2001<EDATE($C$8,1))))=0,"-",INDEX(Transaksi!$B$1:$B$2001,SUMPRODUCT(MAX((Transaksi!$J$2:$J$2001=SUMPRODUCT(MAX((Transaksi!$J$2:$J$2001)*(Transaksi!$A$2:$A$2001>=$C$8)*(Transaksi!$A$2:$A$2001<EDATE($C$8,1)))))*(Transaksi!$A$2:$A$2001>=$C$8)*(Transaksi!$A$2:$A$2001<EDATE($C$8,1))*ROW(Transaksi!$J$2:$J$2001)))))
B14: Graf
B49: Pergerakan bulanan
B51: Bulan | C51: Masuk | D51: Keluar | E51: Bersih | F51: Baki akhir | G51: Kelab | H51: Lawatan | I51: Lain
B52: =EDATE(Tetapan!$B$28,0) | C52: =SUMIFS(Transaksi!$G$2:$G$2001,Transaksi!$A$2:$A$2001,">="&$B52,Transaksi!$A$2:$A$2001,"<"&EDATE($B52,1))+SUMIFS(Transaksi!$H$2:$H$2001,Transaksi!$A$2:$A$2001,">="&$B52,Transaksi!$A$2:$A$2001,"<"&EDATE($B52,1))+SUMIFS(Transaksi!$I$2:$I$2001,Transaksi!$A$2:$A$2001,">="&$B52,Transaksi!$A$2:$A$2001,"<"&EDATE($B52,1)) | D52: =SUMIFS(Transaksi!$J$2:$J$2001,Transaksi!$A$2:$A$2001,">="&$B52,Transaksi!$A$2:$A$2001,"<"&EDATE($B52,1)) | E52: =C52-D52 | F52: =SUM(E$52:E52) | G52: =SUMIFS(Transaksi!$G$2:$G$2001,Transaksi!$A$2:$A$2001,">="&$B52,Transaksi!$A$2:$A$2001,"<"&EDATE($B52,1)) | H52: =SUMIFS(Transaksi!$H$2:$H$2001,Transaksi!$A$2:$A$2001,">="&$B52,Transaksi!$A$2:$A$2001,"<"&EDATE($B52,1)) | I52: =SUMIFS(Transaksi!$I$2:$I$2001,Transaksi!$A$2:$A$2001,">="&$B52,Transaksi!$A$2:$A$2001,"<"&EDATE($B52,1))
B53: =EDATE(Tetapan!$B$28,1) | C53: =SUMIFS(Transaksi!$G$2:$G$2001,Transaksi!$A$2:$A$2001,">="&$B53,Transaksi!$A$2:$A$2001,"<"&EDATE($B53,1))+SUMIFS(Transaksi!$H$2:$H$2001,Transaksi!$A$2:$A$2001,">="&$B53,Transaksi!$A$2:$A$2001,"<"&EDATE($B53,1))+SUMIFS(Transaksi!$I$2:$I$2001,Transaksi!$A$2:$A$2001,">="&$B53,Transaksi!$A$2:$A$2001,"<"&EDATE($B53,1)) | D53: =SUMIFS(Transaksi!$J$2:$J$2001,Transaksi!$A$2:$A$2001,">="&$B53,Transaksi!$A$2:$A$2001,"<"&EDATE($B53,1)) | E53: =C53-D53 | F53: =SUM(E$52:E53) | G53: =SUMIFS(Transaksi!$G$2:$G$2001,Transaksi!$A$2:$A$2001,">="&$B53,Transaksi!$A$2:$A$2001,"<"&EDATE($B53,1)) | H53: =SUMIFS(Transaksi!$H$2:$H$2001,Transaksi!$A$2:$A$2001,">="&$B53,Transaksi!$A$2:$A$2001,"<"&EDATE($B53,1)) | I53: =SUMIFS(Transaksi!$I$2:$I$2001,Transaksi!$A$2:$A$2001,">="&$B53,Transaksi!$A$2:$A$2001,"<"&EDATE($B53,1))
B54: =EDATE(Tetapan!$B$28,2) | C54: =SUMIFS(Transaksi!$G$2:$G$2001,Transaksi!$A$2:$A$2001,">="&$B54,Transaksi!$A$2:$A$2001,"<"&EDATE($B54,1))+SUMIFS(Transaksi!$H$2:$H$2001,Transaksi!$A$2:$A$2001,">="&$B54,Transaksi!$A$2:$A$2001,"<"&EDATE($B54,1))+SUMIFS(Transaksi!$I$2:$I$2001,Transaksi!$A$2:$A$2001,">="&$B54,Transaksi!$A$2:$A$2001,"<"&EDATE($B54,1)) | D54: =SUMIFS(Transaksi!$J$2:$J$2001,Transaksi!$A$2:$A$2001,">="&$B54,Transaksi!$A$2:$A$2001,"<"&EDATE($B54,1)) | E54: =C54-D54 | F54: =SUM(E$52:E54) | G54: =SUMIFS(Transaksi!$G$2:$G$2001,Transaksi!$A$2:$A$2001,">="&$B54,Transaksi!$A$2:$A$2001,"<"&EDATE($B54,1)) | H54: =SUMIFS(Transaksi!$H$2:$H$2001,Transaksi!$A$2:$A$2001,">="&$B54,Transaksi!$A$2:$A$2001,"<"&EDATE($B54,1)) | I54: =SUMIFS(Transaksi!$I$2:$I$2001,Transaksi!$A$2:$A$2001,">="&$B54,Transaksi!$A$2:$A$2001,"<"&EDATE($B54,1))
B55: =EDATE(Tetapan!$B$28,3) | C55: =SUMIFS(Transaksi!$G$2:$G$2001,Transaksi!$A$2:$A$2001,">="&$B55,Transaksi!$A$2:$A$2001,"<"&EDATE($B55,1))+SUMIFS(Transaksi!$H$2:$H$2001,Transaksi!$A$2:$A$2001,">="&$B55,Transaksi!$A$2:$A$2001,"<"&EDATE($B55,1))+SUMIFS(Transaksi!$I$2:$I$2001,Transaksi!$A$2:$A$2001,">="&$B55,Transaksi!$A$2:$A$2001,"<"&EDATE($B55,1)) | D55: =SUMIFS(Transaksi!$J$2:$J$2001,Transaksi!$A$2:$A$2001,">="&$B55,Transaksi!$A$2:$A$2001,"<"&EDATE($B55,1)) | E55: =C55-D55 | F55: =SUM(E$52:E55) | G55: =SUMIFS(Transaksi!$G$2:$G$2001,Transaksi!$A$2:$A$2001,">="&$B55,Transaksi!$A$2:$A$2001,"<"&EDATE($B55,1)) | H55: =SUMIFS(Transaksi!$H$2:$H$2001,Transaksi!$A$2:$A$2001,">="&$B55,Transaksi!$A$2:$A$2001,"<"&EDATE($B55,1)) | I55: =SUMIFS(Transaksi!$I$2:$I$2001,Transaksi!$A$2:$A$2001,">="&$B55,Transaksi!$A$2:$A$2001,"<"&EDATE($B55,1))
B56: =EDATE(Tetapan!$B$28,4) | C56: =SUMIFS(Transaksi!$G$2:$G$2001,Transaksi!$A$2:$A$2001,">="&$B56,Transaksi!$A$2:$A$2001,"<"&EDATE($B56,1))+SUMIFS(Transaksi!$H$2:$H$2001,Transaksi!$A$2:$A$2001,">="&$B56,Transaksi!$A$2:$A$2001,"<"&EDATE($B56,1))+SUMIFS(Transaksi!$I$2:$I$2001,Transaksi!$A$2:$A$2001,">="&$B56,Transaksi!$A$2:$A$2001,"<"&EDATE($B56,1)) | D56: =SUMIFS(Transaksi!$J$2:$J$2001,Transaksi!$A$2:$A$2001,">="&$B56,Transaksi!$A$2:$A$2001,"<"&EDATE($B56,1)) | E56: =C56-D56 | F56: =SUM(E$52:E56) | G56: =SUMIFS(Transaksi!$G$2:$G$2001,Transaksi!$A$2:$A$2001,">="&$B56,Transaksi!$A$2:$A$2001,"<"&EDATE($B56,1)) | H56: =SUMIFS(Transaksi!$H$2:$H$2001,Transaksi!$A$2:$A$2001,">="&$B56,Transaksi!$A$2:$A$2001,"<"&EDATE($B56,1)) | I56: =SUMIFS(Transaksi!$I$2:$I$2001,Transaksi!$A$2:$A$2001,">="&$B56,Transaksi!$A$2:$A$2001,"<"&EDATE($B56,1))
B57: =EDATE(Tetapan!$B$28,5) | C57: =SUMIFS(Transaksi!$G$2:$G$2001,Transaksi!$A$2:$A$2001,">="&$B57,Transaksi!$A$2:$A$2001,"<"&EDATE($B57,1))+SUMIFS(Transaksi!$H$2:$H$2001,Transaksi!$A$2:$A$2001,">="&$B57,Transaksi!$A$2:$A$2001,"<"&EDATE($B57,1))+SUMIFS(Transaksi!$I$2:$I$2001,Transaksi!$A$2:$A$2001,">="&$B57,Transaksi!$A$2:$A$2001,"<"&EDATE($B57,1)) | D57: =SUMIFS(Transaksi!$J$2:$J$2001,Transaksi!$A$2:$A$2001,">="&$B57,Transaksi!$A$2:$A$2001,"<"&EDATE($B57,1)) | E57: =C57-D57 | F57: =SUM(E$52:E57) | G57: =SUMIFS(Transaksi!$G$2:$G$2001,Transaksi!$A$2:$A$2001,">="&$B57,Transaksi!$A$2:$A$2001,"<"&EDATE($B57,1)) | H57: =SUMIFS(Transaksi!$H$2:$H$2001,Transaksi!$A$2:$A$2001,">="&$B57,Transaksi!$A$2:$A$2001,"<"&EDATE($B57,1)) | I57: =SUMIFS(Transaksi!$I$2:$I$2001,Transaksi!$A$2:$A$2001,">="&$B57,Transaksi!$A$2:$A$2001,"<"&EDATE($B57,1))
B58: =EDATE(Tetapan!$B$28,6) | C58: =SUMIFS(Transaksi!$G$2:$G$2001,Transaksi!$A$2:$A$2001,">="&$B58,Transaksi!$A$2:$A$2001,"<"&EDATE($B58,1))+SUMIFS(Transaksi!$H$2:$H$2001,Transaksi!$A$2:$A$2001,">="&$B58,Transaksi!$A$2:$A$2001,"<"&EDATE($B58,1))+SUMIFS(Transaksi!$I$2:$I$2001,Transaksi!$A$2:$A$2001,">="&$B58,Transaksi!$A$2:$A$2001,"<"&EDATE($B58,1)) | D58: =SUMIFS(Transaksi!$J$2:$J$2001,Transaksi!$A$2:$A$2001,">="&$B58,Transaksi!$A$2:$A$2001,"<"&EDATE($B58,1)) | E58: =C58-D58 | F58: =SUM(E$52:E58) | G58: =SUMIFS(Transaksi!$G$2:$G$2001,Transaksi!$A$2:$A$2001,">="&$B58,Transaksi!$A$2:$A$2001,"<"&EDATE($B58,1)) | H58: =SUMIFS(Transaksi!$H$2:$H$2001,Transaksi!$A$2:$A$2001,">="&$B58,Transaksi!$A$2:$A$2001,"<"&EDATE($B58,1)) | I58: =SUMIFS(Transaksi!$I$2:$I$2001,Transaksi!$A$2:$A$2001,">="&$B58,Transaksi!$A$2:$A$2001,"<"&EDATE($B58,1))
B59: =EDATE(Tetapan!$B$28,7) | C59: =SUMIFS(Transaksi!$G$2:$G$2001,Transaksi!$A$2:$A$2001,">="&$B59,Transaksi!$A$2:$A$2001,"<"&EDATE($B59,1))+SUMIFS(Transaksi!$H$2:$H$2001,Transaksi!$A$2:$A$2001,">="&$B59,Transaksi!$A$2:$A$2001,"<"&EDATE($B59,1))+SUMIFS(Transaksi!$I$2:$I$2001,Transaksi!$A$2:$A$2001,">="&$B59,Transaksi!$A$2:$A$2001,"<"&EDATE($B59,1)) | D59: =SUMIFS(Transaksi!$J$2:$J$2001,Transaksi!$A$2:$A$2001,">="&$B59,Transaksi!$A$2:$A$2001,"<"&EDATE($B59,1)) | E59: =C59-D59 | F59: =SUM(E$52:E59) | G59: =SUMIFS(Transaksi!$G$2:$G$2001,Transaksi!$A$2:$A$2001,">="&$B59,Transaksi!$A$2:$A$2001,"<"&EDATE($B59,1)) | H59: =SUMIFS(Transaksi!$H$2:$H$2001,Transaksi!$A$2:$A$2001,">="&$B59,Transaksi!$A$2:$A$2001,"<"&EDATE($B59,1)) | I59: =SUMIFS(Transaksi!$I$2:$I$2001,Transaksi!$A$2:$A$2001,">="&$B59,Transaksi!$A$2:$A$2001,"<"&EDATE($B59,1))
B60: =EDATE(Tetapan!$B$28,8) | C60: =SUMIFS(Transaksi!$G$2:$G$2001,Transaksi!$A$2:$A$2001,">="&$B60,Transaksi!$A$2:$A$2001,"<"&EDATE($B60,1))+SUMIFS(Transaksi!$H$2:$H$2001,Transaksi!$A$2:$A$2001,">="&$B60,Transaksi!$A$2:$A$2001,"<"&EDATE($B60,1))+SUMIFS(Transaksi!$I$2:$I$2001,Transaksi!$A$2:$A$2001,">="&$B60,Transaksi!$A$2:$A$2001,"<"&EDATE($B60,1)) | D60: =SUMIFS(Transaksi!$J$2:$J$2001,Transaksi!$A$2:$A$2001,">="&$B60,Transaksi!$A$2:$A$2001,"<"&EDATE($B60,1)) | E60: =C60-D60 | F60: =SUM(E$52:E60) | G60: =SUMIFS(Transaksi!$G$2:$G$2001,Transaksi!$A$2:$A$2001,">="&$B60,Transaksi!$A$2:$A$2001,"<"&EDATE($B60,1)) | H60: =SUMIFS(Transaksi!$H$2:$H$2001,Transaksi!$A$2:$A$2001,">="&$B60,Transaksi!$A$2:$A$2001,"<"&EDATE($B60,1)) | I60: =SUMIFS(Transaksi!$I$2:$I$2001,Transaksi!$A$2:$A$2001,">="&$B60,Transaksi!$A$2:$A$2001,"<"&EDATE($B60,1))
B61: =EDATE(Tetapan!$B$28,9) | C61: =SUMIFS(Transaksi!$G$2:$G$2001,Transaksi!$A$2:$A$2001,">="&$B61,Transaksi!$A$2:$A$2001,"<"&EDATE($B61,1))+SUMIFS(Transaksi!$H$2:$H$2001,Transaksi!$A$2:$A$2001,">="&$B61,Transaksi!$A$2:$A$2001,"<"&EDATE($B61,1))+SUMIFS(Transaksi!$I$2:$I$2001,Transaksi!$A$2:$A$2001,">="&$B61,Transaksi!$A$2:$A$2001,"<"&EDATE($B61,1)) | D61: =SUMIFS(Transaksi!$J$2:$J$2001,Transaksi!$A$2:$A$2001,">="&$B61,Transaksi!$A$2:$A$2001,"<"&EDATE($B61,1)) | E61: =C61-D61 | F61: =SUM(E$52:E61) | G61: =SUMIFS(Transaksi!$G$2:$G$2001,Transaksi!$A$2:$A$2001,">="&$B61,Transaksi!$A$2:$A$2001,"<"&EDATE($B61,1)) | H61: =SUMIFS(Transaksi!$H$2:$H$2001,Transaksi!$A$2:$A$2001,">="&$B61,Transaksi!$A$2:$A$2001,"<"&EDATE($B61,1)) | I61: =SUMIFS(Transaksi!$I$2:$I$2001,Transaksi!$A$2:$A$2001,">="&$B61,Transaksi!$A$2:$A$2001,"<"&EDATE($B61,1))
B62: =EDATE(Tetapan!$B$28,10) | C62: =SUMIFS(Transaksi!$G$2:$G$2001,Transaksi!$A$2:$A$2001,">="&$B62,Transaksi!$A$2:$A$2001,"<"&EDATE($B62,1))+SUMIFS(Transaksi!$H$2:$H$2001,Transaksi!$A$2:$A$2001,">="&$B62,Transaksi!$A$2:$A$2001,"<"&EDATE($B62,1))+SUMIFS(Transaksi!$I$2:$I$2001,Transaksi!$A$2:$A$2001,">="&$B62,Transaksi!$A$2:$A$2001,"<"&EDATE($B62,1)) | D62: =SUMIFS(Transaksi!$J$2:$J$2001,Transaksi!$A$2:$A$2001,">="&$B62,Transaksi!$A$2:$A$2001,"<"&EDATE($B62,1)) | E62: =C62-D62 | F62: =SUM(E$52:E62) | G62: =SUMIFS(Transaksi!$G$2:$G$2001,Transaksi!$A$2:$A$2001,">="&$B62,Transaksi!$A$2:$A$2001,"<"&EDATE($B62,1)) | H62: =SUMIFS(Transaksi!$H$2:$H$2001,Transaksi!$A$2:$A$2001,">="&$B62,Transaksi!$A$2:$A$2001,"<"&EDATE($B62,1)) | I62: =SUMIFS(Transaksi!$I$2:$I$2001,Transaksi!$A$2:$A$2001,">="&$B62,Transaksi!$A$2:$A$2001,"<"&EDATE($B62,1))
B63: =EDATE(Tetapan!$B$28,11) | C63: =SUMIFS(Transaksi!$G$2:$G$2001,Transaksi!$A$2:$A$2001,">="&$B63,Transaksi!$A$2:$A$2001,"<"&EDATE($B63,1))+SUMIFS(Transaksi!$H$2:$H$2001,Transaksi!$A$2:$A$2001,">="&$B63,Transaksi!$A$2:$A$2001,"<"&EDATE($B63,1))+SUMIFS(Transaksi!$I$2:$I$2001,Transaksi!$A$2:$A$2001,">="&$B63,Transaksi!$A$2:$A$2001,"<"&EDATE($B63,1)) | D63: =SUMIFS(Transaksi!$J$2:$J$2001,Transaksi!$A$2:$A$2001,">="&$B63,Transaksi!$A$2:$A$2001,"<"&EDATE($B63,1)) | E63: =C63-D63 | F63: =SUM(E$52:E63) | G63: =SUMIFS(Transaksi!$G$2:$G$2001,Transaksi!$A$2:$A$2001,">="&$B63,Transaksi!$A$2:$A$2001,"<"&EDATE($B63,1)) | H63: =SUMIFS(Transaksi!$H$2:$H$2001,Transaksi!$A$2:$A$2001,">="&$B63,Transaksi!$A$2:$A$2001,"<"&EDATE($B63,1)) | I63: =SUMIFS(Transaksi!$I$2:$I$2001,Transaksi!$A$2:$A$2001,">="&$B63,Transaksi!$A$2:$A$2001,"<"&EDATE($B63,1))
B64: =EDATE(Tetapan!$B$28,12) | C64: =SUMIFS(Transaksi!$G$2:$G$2001,Transaksi!$A$2:$A$2001,">="&$B64,Transaksi!$A$2:$A$2001,"<"&EDATE($B64,1))+SUMIFS(Transaksi!$H$2:$H$2001,Transaksi!$A$2:$A$2001,">="&$B64,Transaksi!$A$2:$A$2001,"<"&EDATE($B64,1))+SUMIFS(Transaksi!$I$2:$I$2001,Transaksi!$A$2:$A$2001,">="&$B64,Transaksi!$A$2:$A$2001,"<"&EDATE($B64,1)) | D64: =SUMIFS(Transaksi!$J$2:$J$2001,Transaksi!$A$2:$A$2001,">="&$B64,Transaksi!$A$2:$A$2001,"<"&EDATE($B64,1)) | E64: =C64-D64 | F64: =SUM(E$52:E64) | G64: =SUMIFS(Transaksi!$G$2:$G$2001,Transaksi!$A$2:$A$2001,">="&$B64,Transaksi!$A$2:$A$2001,"<"&EDATE($B64,1)) | H64: =SUMIFS(Transaksi!$H$2:$H$2001,Transaksi!$A$2:$A$2001,">="&$B64,Transaksi!$A$2:$A$2001,"<"&EDATE($B64,1)) | I64: =SUMIFS(Transaksi!$I$2:$I$2001,Transaksi!$A$2:$A$2001,">="&$B64,Transaksi!$A$2:$A$2001,"<"&EDATE($B64,1))
B65: =EDATE(Tetapan!$B$28,13) | C65: =SUMIFS(Transaksi!$G$2:$G$2001,Transaksi!$A$2:$A$2001,">="&$B65,Transaksi!$A$2:$A$2001,"<"&EDATE($B65,1))+SUMIFS(Transaksi!$H$2:$H$2001,Transaksi!$A$2:$A$2001,">="&$B65,Transaksi!$A$2:$A$2001,"<"&EDATE($B65,1))+SUMIFS(Transaksi!$I$2:$I$2001,Transaksi!$A$2:$A$2001,">="&$B65,Transaksi!$A$2:$A$2001,"<"&EDATE($B65,1)) | D65: =SUMIFS(Transaksi!$J$2:$J$2001,Transaksi!$A$2:$A$2001,">="&$B65,Transaksi!$A$2:$A$2001,"<"&EDATE($B65,1)) | E65: =C65-D65 | F65: =SUM(E$52:E65) | G65: =SUMIFS(Transaksi!$G$2:$G$2001,Transaksi!$A$2:$A$2001,">="&$B65,Transaksi!$A$2:$A$2001,"<"&EDATE($B65,1)) | H65: =SUMIFS(Transaksi!$H$2:$H$2001,Transaksi!$A$2:$A$2001,">="&$B65,Transaksi!$A$2:$A$2001,"<"&EDATE($B65,1)) | I65: =SUMIFS(Transaksi!$I$2:$I$2001,Transaksi!$A$2:$A$2001,">="&$B65,Transaksi!$A$2:$A$2001,"<"&EDATE($B65,1))
B66: =EDATE(Tetapan!$B$28,14) | C66: =SUMIFS(Transaksi!$G$2:$G$2001,Transaksi!$A$2:$A$2001,">="&$B66,Transaksi!$A$2:$A$2001,"<"&EDATE($B66,1))+SUMIFS(Transaksi!$H$2:$H$2001,Transaksi!$A$2:$A$2001,">="&$B66,Transaksi!$A$2:$A$2001,"<"&EDATE($B66,1))+SUMIFS(Transaksi!$I$2:$I$2001,Transaksi!$A$2:$A$2001,">="&$B66,Transaksi!$A$2:$A$2001,"<"&EDATE($B66,1)) | D66: =SUMIFS(Transaksi!$J$2:$J$2001,Transaksi!$A$2:$A$2001,">="&$B66,Transaksi!$A$2:$A$2001,"<"&EDATE($B66,1)) | E66: =C66-D66 | F66: =SUM(E$52:E66) | G66: =SUMIFS(Transaksi!$G$2:$G$2001,Transaksi!$A$2:$A$2001,">="&$B66,Transaksi!$A$2:$A$2001,"<"&EDATE($B66,1)) | H66: =SUMIFS(Transaksi!$H$2:$H$2001,Transaksi!$A$2:$A$2001,">="&$B66,Transaksi!$A$2:$A$2001,"<"&EDATE($B66,1)) | I66: =SUMIFS(Transaksi!$I$2:$I$2001,Transaksi!$A$2:$A$2001,">="&$B66,Transaksi!$A$2:$A$2001,"<"&EDATE($B66,1))
B67: =EDATE(Tetapan!$B$28,15) | C67: =SUMIFS(Transaksi!$G$2:$G$2001,Transaksi!$A$2:$A$2001,">="&$B67,Transaksi!$A$2:$A$2001,"<"&EDATE($B67,1))+SUMIFS(Transaksi!$H$2:$H$2001,Transaksi!$A$2:$A$2001,">="&$B67,Transaksi!$A$2:$A$2001,"<"&EDATE($B67,1))+SUMIFS(Transaksi!$I$2:$I$2001,Transaksi!$A$2:$A$2001,">="&$B67,Transaksi!$A$2:$A$2001,"<"&EDATE($B67,1)) | D67: =SUMIFS(Transaksi!$J$2:$J$2001,Transaksi!$A$2:$A$2001,">="&$B67,Transaksi!$A$2:$A$2001,"<"&EDATE($B67,1)) | E67: =C67-D67 | F67: =SUM(E$52:E67) | G67: =SUMIFS(Transaksi!$G$2:$G$2001,Transaksi!$A$2:$A$2001,">="&$B67,Transaksi!$A$2:$A$2001,"<"&EDATE($B67,1)) | H67: =SUMIFS(Transaksi!$H$2:$H$2001,Transaksi!$A$2:$A$2001,">="&$B67,Transaksi!$A$2:$A$2001,"<"&EDATE($B67,1)) | I67: =SUMIFS(Transaksi!$I$2:$I$2001,Transaksi!$A$2:$A$2001,">="&$B67,Transaksi!$A$2:$A$2001,"<"&EDATE($B67,1))
B68: =EDATE(Tetapan!$B$28,16) | C68: =SUMIFS(Transaksi!$G$2:$G$2001,Transaksi!$A$2:$A$2001,">="&$B68,Transaksi!$A$2:$A$2001,"<"&EDATE($B68,1))+SUMIFS(Transaksi!$H$2:$H$2001,Transaksi!$A$2:$A$2001,">="&$B68,Transaksi!$A$2:$A$2001,"<"&EDATE($B68,1))+SUMIFS(Transaksi!$I$2:$I$2001,Transaksi!$A$2:$A$2001,">="&$B68,Transaksi!$A$2:$A$2001,"<"&EDATE($B68,1)) | D68: =SUMIFS(Transaksi!$J$2:$J$2001,Transaksi!$A$2:$A$2001,">="&$B68,Transaksi!$A$2:$A$2001,"<"&EDATE($B68,1)) | E68: =C68-D68 | F68: =SUM(E$52:E68) | G68: =SUMIFS(Transaksi!$G$2:$G$2001,Transaksi!$A$2:$A$2001,">="&$B68,Transaksi!$A$2:$A$2001,"<"&EDATE($B68,1)) | H68: =SUMIFS(Transaksi!$H$2:$H$2001,Transaksi!$A$2:$A$2001,">="&$B68,Transaksi!$A$2:$A$2001,"<"&EDATE($B68,1)) | I68: =SUMIFS(Transaksi!$I$2:$I$2001,Transaksi!$A$2:$A$2001,">="&$B68,Transaksi!$A$2:$A$2001,"<"&EDATE($B68,1))
B69: =EDATE(Tetapan!$B$28,17) | C69: =SUMIFS(Transaksi!$G$2:$G$2001,Transaksi!$A$2:$A$2001,">="&$B69,Transaksi!$A$2:$A$2001,"<"&EDATE($B69,1))+SUMIFS(Transaksi!$H$2:$H$2001,Transaksi!$A$2:$A$2001,">="&$B69,Transaksi!$A$2:$A$2001,"<"&EDATE($B69,1))+SUMIFS(Transaksi!$I$2:$I$2001,Transaksi!$A$2:$A$2001,">="&$B69,Transaksi!$A$2:$A$2001,"<"&EDATE($B69,1)) | D69: =SUMIFS(Transaksi!$J$2:$J$2001,Transaksi!$A$2:$A$2001,">="&$B69,Transaksi!$A$2:$A$2001,"<"&EDATE($B69,1)) | E69: =C69-D69 | F69: =SUM(E$52:E69) | G69: =SUMIFS(Transaksi!$G$2:$G$2001,Transaksi!$A$2:$A$2001,">="&$B69,Transaksi!$A$2:$A$2001,"<"&EDATE($B69,1)) | H69: =SUMIFS(Transaksi!$H$2:$H$2001,Transaksi!$A$2:$A$2001,">="&$B69,Transaksi!$A$2:$A$2001,"<"&EDATE($B69,1)) | I69: =SUMIFS(Transaksi!$I$2:$I$2001,Transaksi!$A$2:$A$2001,">="&$B69,Transaksi!$A$2:$A$2001,"<"&EDATE($B69,1))
B70: =EDATE(Tetapan!$B$28,18) | C70: =SUMIFS(Transaksi!$G$2:$G$2001,Transaksi!$A$2:$A$2001,">="&$B70,Transaksi!$A$2:$A$2001,"<"&EDATE($B70,1))+SUMIFS(Transaksi!$H$2:$H$2001,Transaksi!$A$2:$A$2001,">="&$B70,Transaksi!$A$2:$A$2001,"<"&EDATE($B70,1))+SUMIFS(Transaksi!$I$2:$I$2001,Transaksi!$A$2:$A$2001,">="&$B70,Transaksi!$A$2:$A$2001,"<"&EDATE($B70,1)) | D70: =SUMIFS(Transaksi!$J$2:$J$2001,Transaksi!$A$2:$A$2001,">="&$B70,Transaksi!$A$2:$A$2001,"<"&EDATE($B70,1)) | E70: =C70-D70 | F70: =SUM(E$52:E70) | G70: =SUMIFS(Transaksi!$G$2:$G$2001,Transaksi!$A$2:$A$2001,">="&$B70,Transaksi!$A$2:$A$2001,"<"&EDATE($B70,1)) | H70: =SUMIFS(Transaksi!$H$2:$H$2001,Transaksi!$A$2:$A$2001,">="&$B70,Transaksi!$A$2:$A$2001,"<"&EDATE($B70,1)) | I70: =SUMIFS(Transaksi!$I$2:$I$2001,Transaksi!$A$2:$A$2001,">="&$B70,Transaksi!$A$2:$A$2001,"<"&EDATE($B70,1))
B71: Jumlah | C71: =SUM(C52:C70) | D71: =SUM(D52:D70) | E71: =SUM(E52:E70) | G71: =SUM(G52:G70) | H71: =SUM(H52:H70) | I71: =SUM(I52:I70)
B74: Perbelanjaan mengikut kategori
B75: Kategori | C75: Jumlah | D75: %
B76: =Tetapan!H9 | C76: =SUMIFS(Transaksi!$J$2:$J$2001,Transaksi!$D$2:$D$2001,B76) | D76: =IF(SUM(C$76:C$82)=0,0,C76/SUM(C$76:C$82)) | E76: =REPT("█",ROUND(D76*40,0))
B77: =Tetapan!H10 | C77: =SUMIFS(Transaksi!$J$2:$J$2001,Transaksi!$D$2:$D$2001,B77) | D77: =IF(SUM(C$76:C$82)=0,0,C77/SUM(C$76:C$82)) | E77: =REPT("█",ROUND(D77*40,0))
B78: =Tetapan!H11 | C78: =SUMIFS(Transaksi!$J$2:$J$2001,Transaksi!$D$2:$D$2001,B78) | D78: =IF(SUM(C$76:C$82)=0,0,C78/SUM(C$76:C$82)) | E78: =REPT("█",ROUND(D78*40,0))
B79: =Tetapan!H12 | C79: =SUMIFS(Transaksi!$J$2:$J$2001,Transaksi!$D$2:$D$2001,B79) | D79: =IF(SUM(C$76:C$82)=0,0,C79/SUM(C$76:C$82)) | E79: =REPT("█",ROUND(D79*40,0))
B80: =Tetapan!H13 | C80: =SUMIFS(Transaksi!$J$2:$J$2001,Transaksi!$D$2:$D$2001,B80) | D80: =IF(SUM(C$76:C$82)=0,0,C80/SUM(C$76:C$82)) | E80: =REPT("█",ROUND(D80*40,0))
B81: =Tetapan!H14 | C81: =SUMIFS(Transaksi!$J$2:$J$2001,Transaksi!$D$2:$D$2001,B81) | D81: =IF(SUM(C$76:C$82)=0,0,C81/SUM(C$76:C$82)) | E81: =REPT("█",ROUND(D81*40,0))
B82: =Tetapan!H15 | C82: =SUMIFS(Transaksi!$J$2:$J$2001,Transaksi!$D$2:$D$2001,B82) | D82: =IF(SUM(C$76:C$82)=0,0,C82/SUM(C$76:C$82)) | E82: =REPT("█",ROUND(D82*40,0))

Sheet Harian
A1: Harian | N1: maksimum hari | O1: =MAX(Transaksi!$M$2:$M$2001)
A2: Setiap hari: semua wang masuk & keluar pada hari itu. Terbaru di atas. Auto daripada Transaksi. | N2: jumlah baris | O2: =SUM(P3:P402)
B3: Butiran | C3: Ahli | D3: Kategori | E3: Masuk | F3: Keluar | G3: Baki hujung hari | N3: 1 | O3: =IF(N3<=$O$1,$O$1-N3+1,"") | P3: =IF(O3="",0,COUNTIF(Transaksi!$M$2:$M$2001,O3)+1) | Q3: =1+SUM(P$2:P2)
A4: =IF(J4="E",IF(INDEX(Transaksi!$J$2:$J$2001,K4)>0,"↑","↓"),"") | B4: =IF(J4="H",CHOOSE(WEEKDAY(T4,2),"Isnin","Selasa","Rabu","Khamis","Jumaat","Sabtu","Ahad")&", "&DAY(T4)&" "&CHOOSE(MONTH(T4),"Jan","Feb","Mac","Apr","Mei","Jun","Jul","Ogo","Sep","Okt","Nov","Dis")&" "&YEAR(T4),IF(J4="E",IF(INDEX(Transaksi!$B$2:$B$2001,K4)="",INDEX(Transaksi!$C$2:$C$2001,K4)&" · "&INDEX(Transaksi!$D$2:$D$2001,K4),INDEX(Transaksi!$B$2:$B$2001,K4)),"")) | C4: =IF(J4="E",INDEX(Transaksi!$C$2:$C$2001,K4)&"","") | D4: =IF(J4="E",INDEX(Transaksi!$D$2:$D$2001,K4)&"","") | E4: =IF(J4="H",SUMIFS(Transaksi!$G$2:$G$2001,Transaksi!$M$2:$M$2001,"="&S4)+SUMIFS(Transaksi!$H$2:$H$2001,Transaksi!$M$2:$M$2001,"="&S4)+SUMIFS(Transaksi!$I$2:$I$2001,Transaksi!$M$2:$M$2001,"="&S4),IF(J4="E",IF(INDEX(Transaksi!$G$2:$G$2001,K4)+INDEX(Transaksi!$H$2:$H$2001,K4)+INDEX(Transaksi!$I$2:$I$2001,K4)=0,"",INDEX(Transaksi!$G$2:$G$2001,K4)+INDEX(Transaksi!$H$2:$H$2001,K4)+INDEX(Transaksi!$I$2:$I$2001,K4)),"")) | F4: =IF(J4="H",SUMIFS(Transaksi!$J$2:$J$2001,Transaksi!$M$2:$M$2001,"="&S4),IF(J4="E",IF(INDEX(Transaksi!$J$2:$J$2001,K4)=0,"",INDEX(Transaksi!$J$2:$J$2001,K4)),"")) | G4: =IF(J4="H",(SUMIFS(Transaksi!$G$2:$G$2001,Transaksi!$M$2:$M$2001,"<="&S4)+SUMIFS(Transaksi!$H$2:$H$2001,Transaksi!$M$2:$M$2001,"<="&S4)+SUMIFS(Transaksi!$I$2:$I$2001,Transaksi!$M$2:$M$2001,"<="&S4))-(SUMIFS(Transaksi!$J$2:$J$2001,Transaksi!$M$2:$M$2001,"<="&S4)),"") | I4: =IF(1>$O$2,"",MATCH(1,$Q$3:$Q$402,1)) | J4: =IF(I4="","",IF(1=INDEX($Q$3:$Q$402,I4),"H","E")) | K4: =IF(J4<>"E","",MATCH(S4,Transaksi!$M$2:$M$2001,0)+1-INDEX($Q$3:$Q$402,I4)-1) | N4: 2 | O4: =IF(N4<=$O$1,$O$1-N4+1,"") | P4: =IF(O4="",0,COUNTIF(Transaksi!$M$2:$M$2001,O4)+1) | Q4: =1+SUM(P$2:P3) | S4: =IF(I4="","",INDEX($O$3:$O$402,I4)) | T4: =IF(J4<>"H","",INDEX(Transaksi!$A$2:$A$2001,MATCH(S4,Transaksi!$M$2:$M$2001,0)))
A5: =IF(J5="E",IF(INDEX(Transaksi!$J$2:$J$2001,K5)>0,"↑","↓"),"") | B5: =IF(J5="H",CHOOSE(WEEKDAY(T5,2),"Isnin","Selasa","Rabu","Khamis","Jumaat","Sabtu","Ahad")&", "&DAY(T5)&" "&CHOOSE(MONTH(T5),"Jan","Feb","Mac","Apr","Mei","Jun","Jul","Ogo","Sep","Okt","Nov","Dis")&" "&YEAR(T5),IF(J5="E",IF(INDEX(Transaksi!$B$2:$B$2001,K5)="",INDEX(Transaksi!$C$2:$C$2001,K5)&" · "&INDEX(Transaksi!$D$2:$D$2001,K5),INDEX(Transaksi!$B$2:$B$2001,K5)),"")) | C5: =IF(J5="E",INDEX(Transaksi!$C$2:$C$2001,K5)&"","") | D5: =IF(J5="E",INDEX(Transaksi!$D$2:$D$2001,K5)&"","") | E5: =IF(J5="H",SUMIFS(Transaksi!$G$2:$G$2001,Transaksi!$M$2:$M$2001,"="&S5)+SUMIFS(Transaksi!$H$2:$H$2001,Transaksi!$M$2:$M$2001,"="&S5)+SUMIFS(Transaksi!$I$2:$I$2001,Transaksi!$M$2:$M$2001,"="&S5),IF(J5="E",IF(INDEX(Transaksi!$G$2:$G$2001,K5)+INDEX(Transaksi!$H$2:$H$2001,K5)+INDEX(Transaksi!$I$2:$I$2001,K5)=0,"",INDEX(Transaksi!$G$2:$G$2001,K5)+INDEX(Transaksi!$H$2:$H$2001,K5)+INDEX(Transaksi!$I$2:$I$2001,K5)),"")) | F5: =IF(J5="H",SUMIFS(Transaksi!$J$2:$J$2001,Transaksi!$M$2:$M$2001,"="&S5),IF(J5="E",IF(INDEX(Transaksi!$J$2:$J$2001,K5)=0,"",INDEX(Transaksi!$J$2:$J$2001,K5)),"")) | G5: =IF(J5="H",(SUMIFS(Transaksi!$G$2:$G$2001,Transaksi!$M$2:$M$2001,"<="&S5)+SUMIFS(Transaksi!$H$2:$H$2001,Transaksi!$M$2:$M$2001,"<="&S5)+SUMIFS(Transaksi!$I$2:$I$2001,Transaksi!$M$2:$M$2001,"<="&S5))-(SUMIFS(Transaksi!$J$2:$J$2001,Transaksi!$M$2:$M$2001,"<="&S5)),"") | I5: =IF(2>$O$2,"",MATCH(2,$Q$3:$Q$402,1)) | J5: =IF(I5="","",IF(2=INDEX($Q$3:$Q$402,I5),"H","E")) | K5: =IF(J5<>"E","",MATCH(S5,Transaksi!$M$2:$M$2001,0)+2-INDEX($Q$3:$Q$402,I5)-1) | N5: 3 | O5: =IF(N5<=$O$1,$O$1-N5+1,"") | P5: =IF(O5="",0,COUNTIF(Transaksi!$M$2:$M$2001,O5)+1) | Q5: =1+SUM(P$2:P4) | S5: =IF(I5="","",INDEX($O$3:$O$402,I5)) | T5: =IF(J5<>"H","",INDEX(Transaksi!$A$2:$A$2001,MATCH(S5,Transaksi!$M$2:$M$2001,0)))
A6: =IF(J6="E",IF(INDEX(Transaksi!$J$2:$J$2001,K6)>0,"↑","↓"),"") | B6: =IF(J6="H",CHOOSE(WEEKDAY(T6,2),"Isnin","Selasa","Rabu","Khamis","Jumaat","Sabtu","Ahad")&", "&DAY(T6)&" "&CHOOSE(MONTH(T6),"Jan","Feb","Mac","Apr","Mei","Jun","Jul","Ogo","Sep","Okt","Nov","Dis")&" "&YEAR(T6),IF(J6="E",IF(INDEX(Transaksi!$B$2:$B$2001,K6)="",INDEX(Transaksi!$C$2:$C$2001,K6)&" · "&INDEX(Transaksi!$D$2:$D$2001,K6),INDEX(Transaksi!$B$2:$B$2001,K6)),"")) | C6: =IF(J6="E",INDEX(Transaksi!$C$2:$C$2001,K6)&"","") | D6: =IF(J6="E",INDEX(Transaksi!$D$2:$D$2001,K6)&"","") | E6: =IF(J6="H",SUMIFS(Transaksi!$G$2:$G$2001,Transaksi!$M$2:$M$2001,"="&S6)+SUMIFS(Transaksi!$H$2:$H$2001,Transaksi!$M$2:$M$2001,"="&S6)+SUMIFS(Transaksi!$I$2:$I$2001,Transaksi!$M$2:$M$2001,"="&S6),IF(J6="E",IF(INDEX(Transaksi!$G$2:$G$2001,K6)+INDEX(Transaksi!$H$2:$H$2001,K6)+INDEX(Transaksi!$I$2:$I$2001,K6)=0,"",INDEX(Transaksi!$G$2:$G$2001,K6)+INDEX(Transaksi!$H$2:$H$2001,K6)+INDEX(Transaksi!$I$2:$I$2001,K6)),"")) | F6: =IF(J6="H",SUMIFS(Transaksi!$J$2:$J$2001,Transaksi!$M$2:$M$2001,"="&S6),IF(J6="E",IF(INDEX(Transaksi!$J$2:$J$2001,K6)=0,"",INDEX(Transaksi!$J$2:$J$2001,K6)),"")) | G6: =IF(J6="H",(SUMIFS(Transaksi!$G$2:$G$2001,Transaksi!$M$2:$M$2001,"<="&S6)+SUMIFS(Transaksi!$H$2:$H$2001,Transaksi!$M$2:$M$2001,"<="&S6)+SUMIFS(Transaksi!$I$2:$I$2001,Transaksi!$M$2:$M$2001,"<="&S6))-(SUMIFS(Transaksi!$J$2:$J$2001,Transaksi!$M$2:$M$2001,"<="&S6)),"") | I6: =IF(3>$O$2,"",MATCH(3,$Q$3:$Q$402,1)) | J6: =IF(I6="","",IF(3=INDEX($Q$3:$Q$402,I6),"H","E")) | K6: =IF(J6<>"E","",MATCH(S6,Transaksi!$M$2:$M$2001,0)+3-INDEX($Q$3:$Q$402,I6)-1) | N6: 4 | O6: =IF(N6<=$O$1,$O$1-N6+1,"") | P6: =IF(O6="",0,COUNTIF(Transaksi!$M$2:$M$2001,O6)+1) | Q6: =1+SUM(P$2:P5) | S6: =IF(I6="","",INDEX($O$3:$O$402,I6)) | T6: =IF(J6<>"H","",INDEX(Transaksi!$A$2:$A$2001,MATCH(S6,Transaksi!$M$2:$M$2001,0)))
A7: =IF(J7="E",IF(INDEX(Transaksi!$J$2:$J$2001,K7)>0,"↑","↓"),"") | B7: =IF(J7="H",CHOOSE(WEEKDAY(T7,2),"Isnin","Selasa","Rabu","Khamis","Jumaat","Sabtu","Ahad")&", "&DAY(T7)&" "&CHOOSE(MONTH(T7),"Jan","Feb","Mac","Apr","Mei","Jun","Jul","Ogo","Sep","Okt","Nov","Dis")&" "&YEAR(T7),IF(J7="E",IF(INDEX(Transaksi!$B$2:$B$2001,K7)="",INDEX(Transaksi!$C$2:$C$2001,K7)&" · "&INDEX(Transaksi!$D$2:$D$2001,K7),INDEX(Transaksi!$B$2:$B$2001,K7)),"")) | C7: =IF(J7="E",INDEX(Transaksi!$C$2:$C$2001,K7)&"","") | D7: =IF(J7="E",INDEX(Transaksi!$D$2:$D$2001,K7)&"","") | E7: =IF(J7="H",SUMIFS(Transaksi!$G$2:$G$2001,Transaksi!$M$2:$M$2001,"="&S7)+SUMIFS(Transaksi!$H$2:$H$2001,Transaksi!$M$2:$M$2001,"="&S7)+SUMIFS(Transaksi!$I$2:$I$2001,Transaksi!$M$2:$M$2001,"="&S7),IF(J7="E",IF(INDEX(Transaksi!$G$2:$G$2001,K7)+INDEX(Transaksi!$H$2:$H$2001,K7)+INDEX(Transaksi!$I$2:$I$2001,K7)=0,"",INDEX(Transaksi!$G$2:$G$2001,K7)+INDEX(Transaksi!$H$2:$H$2001,K7)+INDEX(Transaksi!$I$2:$I$2001,K7)),"")) | F7: =IF(J7="H",SUMIFS(Transaksi!$J$2:$J$2001,Transaksi!$M$2:$M$2001,"="&S7),IF(J7="E",IF(INDEX(Transaksi!$J$2:$J$2001,K7)=0,"",INDEX(Transaksi!$J$2:$J$2001,K7)),"")) | G7: =IF(J7="H",(SUMIFS(Transaksi!$G$2:$G$2001,Transaksi!$M$2:$M$2001,"<="&S7)+SUMIFS(Transaksi!$H$2:$H$2001,Transaksi!$M$2:$M$2001,"<="&S7)+SUMIFS(Transaksi!$I$2:$I$2001,Transaksi!$M$2:$M$2001,"<="&S7))-(SUMIFS(Transaksi!$J$2:$J$2001,Transaksi!$M$2:$M$2001,"<="&S7)),"") | I7: =IF(4>$O$2,"",MATCH(4,$Q$3:$Q$402,1)) | J7: =IF(I7="","",IF(4=INDEX($Q$3:$Q$402,I7),"H","E")) | K7: =IF(J7<>"E","",MATCH(S7,Transaksi!$M$2:$M$2001,0)+4-INDEX($Q$3:$Q$402,I7)-1) | N7: 5 | O7: =IF(N7<=$O$1,$O$1-N7+1,"") | P7: =IF(O7="",0,COUNTIF(Transaksi!$M$2:$M$2001,O7)+1) | Q7: =1+SUM(P$2:P6) | S7: =IF(I7="","",INDEX($O$3:$O$402,I7)) | T7: =IF(J7<>"H","",INDEX(Transaksi!$A$2:$A$2001,MATCH(S7,Transaksi!$M$2:$M$2001,0)))
A8: =IF(J8="E",IF(INDEX(Transaksi!$J$2:$J$2001,K8)>0,"↑","↓"),"") | B8: =IF(J8="H",CHOOSE(WEEKDAY(T8,2),"Isnin","Selasa","Rabu","Khamis","Jumaat","Sabtu","Ahad")&", "&DAY(T8)&" "&CHOOSE(MONTH(T8),"Jan","Feb","Mac","Apr","Mei","Jun","Jul","Ogo","Sep","Okt","Nov","Dis")&" "&YEAR(T8),IF(J8="E",IF(INDEX(Transaksi!$B$2:$B$2001,K8)="",INDEX(Transaksi!$C$2:$C$2001,K8)&" · "&INDEX(Transaksi!$D$2:$D$2001,K8),INDEX(Transaksi!$B$2:$B$2001,K8)),"")) | C8: =IF(J8="E",INDEX(Transaksi!$C$2:$C$2001,K8)&"","") | D8: =IF(J8="E",INDEX(Transaksi!$D$2:$D$2001,K8)&"","") | E8: =IF(J8="H",SUMIFS(Transaksi!$G$2:$G$2001,Transaksi!$M$2:$M$2001,"="&S8)+SUMIFS(Transaksi!$H$2:$H$2001,Transaksi!$M$2:$M$2001,"="&S8)+SUMIFS(Transaksi!$I$2:$I$2001,Transaksi!$M$2:$M$2001,"="&S8),IF(J8="E",IF(INDEX(Transaksi!$G$2:$G$2001,K8)+INDEX(Transaksi!$H$2:$H$2001,K8)+INDEX(Transaksi!$I$2:$I$2001,K8)=0,"",INDEX(Transaksi!$G$2:$G$2001,K8)+INDEX(Transaksi!$H$2:$H$2001,K8)+INDEX(Transaksi!$I$2:$I$2001,K8)),"")) | F8: =IF(J8="H",SUMIFS(Transaksi!$J$2:$J$2001,Transaksi!$M$2:$M$2001,"="&S8),IF(J8="E",IF(INDEX(Transaksi!$J$2:$J$2001,K8)=0,"",INDEX(Transaksi!$J$2:$J$2001,K8)),"")) | G8: =IF(J8="H",(SUMIFS(Transaksi!$G$2:$G$2001,Transaksi!$M$2:$M$2001,"<="&S8)+SUMIFS(Transaksi!$H$2:$H$2001,Transaksi!$M$2:$M$2001,"<="&S8)+SUMIFS(Transaksi!$I$2:$I$2001,Transaksi!$M$2:$M$2001,"<="&S8))-(SUMIFS(Transaksi!$J$2:$J$2001,Transaksi!$M$2:$M$2001,"<="&S8)),"") | I8: =IF(5>$O$2,"",MATCH(5,$Q$3:$Q$402,1)) | J8: =IF(I8="","",IF(5=INDEX($Q$3:$Q$402,I8),"H","E")) | K8: =IF(J8<>"E","",MATCH(S8,Transaksi!$M$2:$M$2001,0)+5-INDEX($Q$3:$Q$402,I8)-1) | N8: 6 | O8: =IF(N8<=$O$1,$O$1-N8+1,"") | P8: =IF(O8="",0,COUNTIF(Transaksi!$M$2:$M$2001,O8)+1) | Q8: =1+SUM(P$2:P7) | S8: =IF(I8="","",INDEX($O$3:$O$402,I8)) | T8: =IF(J8<>"H","",INDEX(Transaksi!$A$2:$A$2001,MATCH(S8,Transaksi!$M$2:$M$2001,0)))
A9: =IF(J9="E",IF(INDEX(Transaksi!$J$2:$J$2001,K9)>0,"↑","↓"),"") | B9: =IF(J9="H",CHOOSE(WEEKDAY(T9,2),"Isnin","Selasa","Rabu","Khamis","Jumaat","Sabtu","Ahad")&", "&DAY(T9)&" "&CHOOSE(MONTH(T9),"Jan","Feb","Mac","Apr","Mei","Jun","Jul","Ogo","Sep","Okt","Nov","Dis")&" "&YEAR(T9),IF(J9="E",IF(INDEX(Transaksi!$B$2:$B$2001,K9)="",INDEX(Transaksi!$C$2:$C$2001,K9)&" · "&INDEX(Transaksi!$D$2:$D$2001,K9),INDEX(Transaksi!$B$2:$B$2001,K9)),"")) | C9: =IF(J9="E",INDEX(Transaksi!$C$2:$C$2001,K9)&"","") | D9: =IF(J9="E",INDEX(Transaksi!$D$2:$D$2001,K9)&"","") | E9: =IF(J9="H",SUMIFS(Transaksi!$G$2:$G$2001,Transaksi!$M$2:$M$2001,"="&S9)+SUMIFS(Transaksi!$H$2:$H$2001,Transaksi!$M$2:$M$2001,"="&S9)+SUMIFS(Transaksi!$I$2:$I$2001,Transaksi!$M$2:$M$2001,"="&S9),IF(J9="E",IF(INDEX(Transaksi!$G$2:$G$2001,K9)+INDEX(Transaksi!$H$2:$H$2001,K9)+INDEX(Transaksi!$I$2:$I$2001,K9)=0,"",INDEX(Transaksi!$G$2:$G$2001,K9)+INDEX(Transaksi!$H$2:$H$2001,K9)+INDEX(Transaksi!$I$2:$I$2001,K9)),"")) | F9: =IF(J9="H",SUMIFS(Transaksi!$J$2:$J$2001,Transaksi!$M$2:$M$2001,"="&S9),IF(J9="E",IF(INDEX(Transaksi!$J$2:$J$2001,K9)=0,"",INDEX(Transaksi!$J$2:$J$2001,K9)),"")) | G9: =IF(J9="H",(SUMIFS(Transaksi!$G$2:$G$2001,Transaksi!$M$2:$M$2001,"<="&S9)+SUMIFS(Transaksi!$H$2:$H$2001,Transaksi!$M$2:$M$2001,"<="&S9)+SUMIFS(Transaksi!$I$2:$I$2001,Transaksi!$M$2:$M$2001,"<="&S9))-(SUMIFS(Transaksi!$J$2:$J$2001,Transaksi!$M$2:$M$2001,"<="&S9)),"") | I9: =IF(6>$O$2,"",MATCH(6,$Q$3:$Q$402,1)) | J9: =IF(I9="","",IF(6=INDEX($Q$3:$Q$402,I9),"H","E")) | K9: =IF(J9<>"E","",MATCH(S9,Transaksi!$M$2:$M$2001,0)+6-INDEX($Q$3:$Q$402,I9)-1) | N9: 7 | O9: =IF(N9<=$O$1,$O$1-N9+1,"") | P9: =IF(O9="",0,COUNTIF(Transaksi!$M$2:$M$2001,O9)+1) | Q9: =1+SUM(P$2:P8) | S9: =IF(I9="","",INDEX($O$3:$O$402,I9)) | T9: =IF(J9<>"H","",INDEX(Transaksi!$A$2:$A$2001,MATCH(S9,Transaksi!$M$2:$M$2001,0)))
A10: =IF(J10="E",IF(INDEX(Transaksi!$J$2:$J$2001,K10)>0,"↑","↓"),"") | B10: =IF(J10="H",CHOOSE(WEEKDAY(T10,2),"Isnin","Selasa","Rabu","Khamis","Jumaat","Sabtu","Ahad")&", "&DAY(T10)&" "&CHOOSE(MONTH(T10),"Jan","Feb","Mac","Apr","Mei","Jun","Jul","Ogo","Sep","Okt","Nov","Dis")&" "&YEAR(T10),IF(J10="E",IF(INDEX(Transaksi!$B$2:$B$2001,K10)="",INDEX(Transaksi!$C$2:$C$2001,K10)&" · "&INDEX(Transaksi!$D$2:$D$2001,K10),INDEX(Transaksi!$B$2:$B$2001,K10)),"")) | C10: =IF(J10="E",INDEX(Transaksi!$C$2:$C$2001,K10)&"","") | D10: =IF(J10="E",INDEX(Transaksi!$D$2:$D$2001,K10)&"","") | E10: =IF(J10="H",SUMIFS(Transaksi!$G$2:$G$2001,Transaksi!$M$2:$M$2001,"="&S10)+SUMIFS(Transaksi!$H$2:$H$2001,Transaksi!$M$2:$M$2001,"="&S10)+SUMIFS(Transaksi!$I$2:$I$2001,Transaksi!$M$2:$M$2001,"="&S10),IF(J10="E",IF(INDEX(Transaksi!$G$2:$G$2001,K10)+INDEX(Transaksi!$H$2:$H$2001,K10)+INDEX(Transaksi!$I$2:$I$2001,K10)=0,"",INDEX(Transaksi!$G$2:$G$2001,K10)+INDEX(Transaksi!$H$2:$H$2001,K10)+INDEX(Transaksi!$I$2:$I$2001,K10)),"")) | F10: =IF(J10="H",SUMIFS(Transaksi!$J$2:$J$2001,Transaksi!$M$2:$M$2001,"="&S10),IF(J10="E",IF(INDEX(Transaksi!$J$2:$J$2001,K10)=0,"",INDEX(Transaksi!$J$2:$J$2001,K10)),"")) | G10: =IF(J10="H",(SUMIFS(Transaksi!$G$2:$G$2001,Transaksi!$M$2:$M$2001,"<="&S10)+SUMIFS(Transaksi!$H$2:$H$2001,Transaksi!$M$2:$M$2001,"<="&S10)+SUMIFS(Transaksi!$I$2:$I$2001,Transaksi!$M$2:$M$2001,"<="&S10))-(SUMIFS(Transaksi!$J$2:$J$2001,Transaksi!$M$2:$M$2001,"<="&S10)),"") | I10: =IF(7>$O$2,"",MATCH(7,$Q$3:$Q$402,1)) | J10: =IF(I10="","",IF(7=INDEX($Q$3:$Q$402,I10),"H","E")) | K10: =IF(J10<>"E","",MATCH(S10,Transaksi!$M$2:$M$2001,0)+7-INDEX($Q$3:$Q$402,I10)-1) | N10: 8 | O10: =IF(N10<=$O$1,$O$1-N10+1,"") | P10: =IF(O10="",0,COUNTIF(Transaksi!$M$2:$M$2001,O10)+1) | Q10: =1+SUM(P$2:P9) | S10: =IF(I10="","",INDEX($O$3:$O$402,I10)) | T10: =IF(J10<>"H","",INDEX(Transaksi!$A$2:$A$2001,MATCH(S10,Transaksi!$M$2:$M$2001,0)))
A11: =IF(J11="E",IF(INDEX(Transaksi!$J$2:$J$2001,K11)>0,"↑","↓"),"") | B11: =IF(J11="H",CHOOSE(WEEKDAY(T11,2),"Isnin","Selasa","Rabu","Khamis","Jumaat","Sabtu","Ahad")&", "&DAY(T11)&" "&CHOOSE(MONTH(T11),"Jan","Feb","Mac","Apr","Mei","Jun","Jul","Ogo","Sep","Okt","Nov","Dis")&" "&YEAR(T11),IF(J11="E",IF(INDEX(Transaksi!$B$2:$B$2001,K11)="",INDEX(Transaksi!$C$2:$C$2001,K11)&" · "&INDEX(Transaksi!$D$2:$D$2001,K11),INDEX(Transaksi!$B$2:$B$2001,K11)),"")) | C11: =IF(J11="E",INDEX(Transaksi!$C$2:$C$2001,K11)&"","") | D11: =IF(J11="E",INDEX(Transaksi!$D$2:$D$2001,K11)&"","") | E11: =IF(J11="H",SUMIFS(Transaksi!$G$2:$G$2001,Transaksi!$M$2:$M$2001,"="&S11)+SUMIFS(Transaksi!$H$2:$H$2001,Transaksi!$M$2:$M$2001,"="&S11)+SUMIFS(Transaksi!$I$2:$I$2001,Transaksi!$M$2:$M$2001,"="&S11),IF(J11="E",IF(INDEX(Transaksi!$G$2:$G$2001,K11)+INDEX(Transaksi!$H$2:$H$2001,K11)+INDEX(Transaksi!$I$2:$I$2001,K11)=0,"",INDEX(Transaksi!$G$2:$G$2001,K11)+INDEX(Transaksi!$H$2:$H$2001,K11)+INDEX(Transaksi!$I$2:$I$2001,K11)),"")) | F11: =IF(J11="H",SUMIFS(Transaksi!$J$2:$J$2001,Transaksi!$M$2:$M$2001,"="&S11),IF(J11="E",IF(INDEX(Transaksi!$J$2:$J$2001,K11)=0,"",INDEX(Transaksi!$J$2:$J$2001,K11)),"")) | G11: =IF(J11="H",(SUMIFS(Transaksi!$G$2:$G$2001,Transaksi!$M$2:$M$2001,"<="&S11)+SUMIFS(Transaksi!$H$2:$H$2001,Transaksi!$M$2:$M$2001,"<="&S11)+SUMIFS(Transaksi!$I$2:$I$2001,Transaksi!$M$2:$M$2001,"<="&S11))-(SUMIFS(Transaksi!$J$2:$J$2001,Transaksi!$M$2:$M$2001,"<="&S11)),"") | I11: =IF(8>$O$2,"",MATCH(8,$Q$3:$Q$402,1)) | J11: =IF(I11="","",IF(8=INDEX($Q$3:$Q$402,I11),"H","E")) | K11: =IF(J11<>"E","",MATCH(S11,Transaksi!$M$2:$M$2001,0)+8-INDEX($Q$3:$Q$402,I11)-1) | N11: 9 | O11: =IF(N11<=$O$1,$O$1-N11+1,"") | P11: =IF(O11="",0,COUNTIF(Transaksi!$M$2:$M$2001,O11)+1) | Q11: =1+SUM(P$2:P10) | S11: =IF(I11="","",INDEX($O$3:$O$402,I11)) | T11: =IF(J11<>"H","",INDEX(Transaksi!$A$2:$A$2001,MATCH(S11,Transaksi!$M$2:$M$2001,0)))
A12: =IF(J12="E",IF(INDEX(Transaksi!$J$2:$J$2001,K12)>0,"↑","↓"),"") | B12: =IF(J12="H",CHOOSE(WEEKDAY(T12,2),"Isnin","Selasa","Rabu","Khamis","Jumaat","Sabtu","Ahad")&", "&DAY(T12)&" "&CHOOSE(MONTH(T12),"Jan","Feb","Mac","Apr","Mei","Jun","Jul","Ogo","Sep","Okt","Nov","Dis")&" "&YEAR(T12),IF(J12="E",IF(INDEX(Transaksi!$B$2:$B$2001,K12)="",INDEX(Transaksi!$C$2:$C$2001,K12)&" · "&INDEX(Transaksi!$D$2:$D$2001,K12),INDEX(Transaksi!$B$2:$B$2001,K12)),"")) | C12: =IF(J12="E",INDEX(Transaksi!$C$2:$C$2001,K12)&"","") | D12: =IF(J12="E",INDEX(Transaksi!$D$2:$D$2001,K12)&"","") | E12: =IF(J12="H",SUMIFS(Transaksi!$G$2:$G$2001,Transaksi!$M$2:$M$2001,"="&S12)+SUMIFS(Transaksi!$H$2:$H$2001,Transaksi!$M$2:$M$2001,"="&S12)+SUMIFS(Transaksi!$I$2:$I$2001,Transaksi!$M$2:$M$2001,"="&S12),IF(J12="E",IF(INDEX(Transaksi!$G$2:$G$2001,K12)+INDEX(Transaksi!$H$2:$H$2001,K12)+INDEX(Transaksi!$I$2:$I$2001,K12)=0,"",INDEX(Transaksi!$G$2:$G$2001,K12)+INDEX(Transaksi!$H$2:$H$2001,K12)+INDEX(Transaksi!$I$2:$I$2001,K12)),"")) | F12: =IF(J12="H",SUMIFS(Transaksi!$J$2:$J$2001,Transaksi!$M$2:$M$2001,"="&S12),IF(J12="E",IF(INDEX(Transaksi!$J$2:$J$2001,K12)=0,"",INDEX(Transaksi!$J$2:$J$2001,K12)),"")) | G12: =IF(J12="H",(SUMIFS(Transaksi!$G$2:$G$2001,Transaksi!$M$2:$M$2001,"<="&S12)+SUMIFS(Transaksi!$H$2:$H$2001,Transaksi!$M$2:$M$2001,"<="&S12)+SUMIFS(Transaksi!$I$2:$I$2001,Transaksi!$M$2:$M$2001,"<="&S12))-(SUMIFS(Transaksi!$J$2:$J$2001,Transaksi!$M$2:$M$2001,"<="&S12)),"") | I12: =IF(9>$O$2,"",MATCH(9,$Q$3:$Q$402,1)) | J12: =IF(I12="","",IF(9=INDEX($Q$3:$Q$402,I12),"H","E")) | K12: =IF(J12<>"E","",MATCH(S12,Transaksi!$M$2:$M$2001,0)+9-INDEX($Q$3:$Q$402,I12)-1) | N12: 10 | O12: =IF(N12<=$O$1,$O$1-N12+1,"") | P12: =IF(O12="",0,COUNTIF(Transaksi!$M$2:$M$2001,O12)+1) | Q12: =1+SUM(P$2:P11) | S12: =IF(I12="","",INDEX($O$3:$O$402,I12)) | T12: =IF(J12<>"H","",INDEX(Transaksi!$A$2:$A$2001,MATCH(S12,Transaksi!$M$2:$M$2001,0)))
A13: =IF(J13="E",IF(INDEX(Transaksi!$J$2:$J$2001,K13)>0,"↑","↓"),"") | B13: =IF(J13="H",CHOOSE(WEEKDAY(T13,2),"Isnin","Selasa","Rabu","Khamis","Jumaat","Sabtu","Ahad")&", "&DAY(T13)&" "&CHOOSE(MONTH(T13),"Jan","Feb","Mac","Apr","Mei","Jun","Jul","Ogo","Sep","Okt","Nov","Dis")&" "&YEAR(T13),IF(J13="E",IF(INDEX(Transaksi!$B$2:$B$2001,K13)="",INDEX(Transaksi!$C$2:$C$2001,K13)&" · "&INDEX(Transaksi!$D$2:$D$2001,K13),INDEX(Transaksi!$B$2:$B$2001,K13)),"")) | C13: =IF(J13="E",INDEX(Transaksi!$C$2:$C$2001,K13)&"","") | D13: =IF(J13="E",INDEX(Transaksi!$D$2:$D$2001,K13)&"","") | E13: =IF(J13="H",SUMIFS(Transaksi!$G$2:$G$2001,Transaksi!$M$2:$M$2001,"="&S13)+SUMIFS(Transaksi!$H$2:$H$2001,Transaksi!$M$2:$M$2001,"="&S13)+SUMIFS(Transaksi!$I$2:$I$2001,Transaksi!$M$2:$M$2001,"="&S13),IF(J13="E",IF(INDEX(Transaksi!$G$2:$G$2001,K13)+INDEX(Transaksi!$H$2:$H$2001,K13)+INDEX(Transaksi!$I$2:$I$2001,K13)=0,"",INDEX(Transaksi!$G$2:$G$2001,K13)+INDEX(Transaksi!$H$2:$H$2001,K13)+INDEX(Transaksi!$I$2:$I$2001,K13)),"")) | F13: =IF(J13="H",SUMIFS(Transaksi!$J$2:$J$2001,Transaksi!$M$2:$M$2001,"="&S13),IF(J13="E",IF(INDEX(Transaksi!$J$2:$J$2001,K13)=0,"",INDEX(Transaksi!$J$2:$J$2001,K13)),"")) | G13: =IF(J13="H",(SUMIFS(Transaksi!$G$2:$G$2001,Transaksi!$M$2:$M$2001,"<="&S13)+SUMIFS(Transaksi!$H$2:$H$2001,Transaksi!$M$2:$M$2001,"<="&S13)+SUMIFS(Transaksi!$I$2:$I$2001,Transaksi!$M$2:$M$2001,"<="&S13))-(SUMIFS(Transaksi!$J$2:$J$2001,Transaksi!$M$2:$M$2001,"<="&S13)),"") | I13: =IF(10>$O$2,"",MATCH(10,$Q$3:$Q$402,1)) | J13: =IF(I13="","",IF(10=INDEX($Q$3:$Q$402,I13),"H","E")) | K13: =IF(J13<>"E","",MATCH(S13,Transaksi!$M$2:$M$2001,0)+10-INDEX($Q$3:$Q$402,I13)-1) | N13: 11 | O13: =IF(N13<=$O$1,$O$1-N13+1,"") | P13: =IF(O13="",0,COUNTIF(Transaksi!$M$2:$M$2001,O13)+1) | Q13: =1+SUM(P$2:P12) | S13: =IF(I13="","",INDEX($O$3:$O$402,I13)) | T13: =IF(J13<>"H","",INDEX(Transaksi!$A$2:$A$2001,MATCH(S13,Transaksi!$M$2:$M$2001,0)))
A14: =IF(J14="E",IF(INDEX(Transaksi!$J$2:$J$2001,K14)>0,"↑","↓"),"") | B14: =IF(J14="H",CHOOSE(WEEKDAY(T14,2),"Isnin","Selasa","Rabu","Khamis","Jumaat","Sabtu","Ahad")&", "&DAY(T14)&" "&CHOOSE(MONTH(T14),"Jan","Feb","Mac","Apr","Mei","Jun","Jul","Ogo","Sep","Okt","Nov","Dis")&" "&YEAR(T14),IF(J14="E",IF(INDEX(Transaksi!$B$2:$B$2001,K14)="",INDEX(Transaksi!$C$2:$C$2001,K14)&" · "&INDEX(Transaksi!$D$2:$D$2001,K14),INDEX(Transaksi!$B$2:$B$2001,K14)),"")) | C14: =IF(J14="E",INDEX(Transaksi!$C$2:$C$2001,K14)&"","") | D14: =IF(J14="E",INDEX(Transaksi!$D$2:$D$2001,K14)&"","") | E14: =IF(J14="H",SUMIFS(Transaksi!$G$2:$G$2001,Transaksi!$M$2:$M$2001,"="&S14)+SUMIFS(Transaksi!$H$2:$H$2001,Transaksi!$M$2:$M$2001,"="&S14)+SUMIFS(Transaksi!$I$2:$I$2001,Transaksi!$M$2:$M$2001,"="&S14),IF(J14="E",IF(INDEX(Transaksi!$G$2:$G$2001,K14)+INDEX(Transaksi!$H$2:$H$2001,K14)+INDEX(Transaksi!$I$2:$I$2001,K14)=0,"",INDEX(Transaksi!$G$2:$G$2001,K14)+INDEX(Transaksi!$H$2:$H$2001,K14)+INDEX(Transaksi!$I$2:$I$2001,K14)),"")) | F14: =IF(J14="H",SUMIFS(Transaksi!$J$2:$J$2001,Transaksi!$M$2:$M$2001,"="&S14),IF(J14="E",IF(INDEX(Transaksi!$J$2:$J$2001,K14)=0,"",INDEX(Transaksi!$J$2:$J$2001,K14)),"")) | G14: =IF(J14="H",(SUMIFS(Transaksi!$G$2:$G$2001,Transaksi!$M$2:$M$2001,"<="&S14)+SUMIFS(Transaksi!$H$2:$H$2001,Transaksi!$M$2:$M$2001,"<="&S14)+SUMIFS(Transaksi!$I$2:$I$2001,Transaksi!$M$2:$M$2001,"<="&S14))-(SUMIFS(Transaksi!$J$2:$J$2001,Transaksi!$M$2:$M$2001,"<="&S14)),"") | I14: =IF(11>$O$2,"",MATCH(11,$Q$3:$Q$402,1)) | J14: =IF(I14="","",IF(11=INDEX($Q$3:$Q$402,I14),"H","E")) | K14: =IF(J14<>"E","",MATCH(S14,Transaksi!$M$2:$M$2001,0)+11-INDEX($Q$3:$Q$402,I14)-1) | N14: 12 | O14: =IF(N14<=$O$1,$O$1-N14+1,"") | P14: =IF(O14="",0,COUNTIF(Transaksi!$M$2:$M$2001,O14)+1) | Q14: =1+SUM(P$2:P13) | S14: =IF(I14="","",INDEX($O$3:$O$402,I14)) | T14: =IF(J14<>"H","",INDEX(Transaksi!$A$2:$A$2001,MATCH(S14,Transaksi!$M$2:$M$2001,0)))
A15: =IF(J15="E",IF(INDEX(Transaksi!$J$2:$J$2001,K15)>0,"↑","↓"),"") | B15: =IF(J15="H",CHOOSE(WEEKDAY(T15,2),"Isnin","Selasa","Rabu","Khamis","Jumaat","Sabtu","Ahad")&", "&DAY(T15)&" "&CHOOSE(MONTH(T15),"Jan","Feb","Mac","Apr","Mei","Jun","Jul","Ogo","Sep","Okt","Nov","Dis")&" "&YEAR(T15),IF(J15="E",IF(INDEX(Transaksi!$B$2:$B$2001,K15)="",INDEX(Transaksi!$C$2:$C$2001,K15)&" · "&INDEX(Transaksi!$D$2:$D$2001,K15),INDEX(Transaksi!$B$2:$B$2001,K15)),"")) | C15: =IF(J15="E",INDEX(Transaksi!$C$2:$C$2001,K15)&"","") | D15: =IF(J15="E",INDEX(Transaksi!$D$2:$D$2001,K15)&"","") | E15: =IF(J15="H",SUMIFS(Transaksi!$G$2:$G$2001,Transaksi!$M$2:$M$2001,"="&S15)+SUMIFS(Transaksi!$H$2:$H$2001,Transaksi!$M$2:$M$2001,"="&S15)+SUMIFS(Transaksi!$I$2:$I$2001,Transaksi!$M$2:$M$2001,"="&S15),IF(J15="E",IF(INDEX(Transaksi!$G$2:$G$2001,K15)+INDEX(Transaksi!$H$2:$H$2001,K15)+INDEX(Transaksi!$I$2:$I$2001,K15)=0,"",INDEX(Transaksi!$G$2:$G$2001,K15)+INDEX(Transaksi!$H$2:$H$2001,K15)+INDEX(Transaksi!$I$2:$I$2001,K15)),"")) | F15: =IF(J15="H",SUMIFS(Transaksi!$J$2:$J$2001,Transaksi!$M$2:$M$2001,"="&S15),IF(J15="E",IF(INDEX(Transaksi!$J$2:$J$2001,K15)=0,"",INDEX(Transaksi!$J$2:$J$2001,K15)),"")) | G15: =IF(J15="H",(SUMIFS(Transaksi!$G$2:$G$2001,Transaksi!$M$2:$M$2001,"<="&S15)+SUMIFS(Transaksi!$H$2:$H$2001,Transaksi!$M$2:$M$2001,"<="&S15)+SUMIFS(Transaksi!$I$2:$I$2001,Transaksi!$M$2:$M$2001,"<="&S15))-(SUMIFS(Transaksi!$J$2:$J$2001,Transaksi!$M$2:$M$2001,"<="&S15)),"") | I15: =IF(12>$O$2,"",MATCH(12,$Q$3:$Q$402,1)) | J15: =IF(I15="","",IF(12=INDEX($Q$3:$Q$402,I15),"H","E")) | K15: =IF(J15<>"E","",MATCH(S15,Transaksi!$M$2:$M$2001,0)+12-INDEX($Q$3:$Q$402,I15)-1) | N15: 13 | O15: =IF(N15<=$O$1,$O$1-N15+1,"") | P15: =IF(O15="",0,COUNTIF(Transaksi!$M$2:$M$2001,O15)+1) | Q15: =1+SUM(P$2:P14) | S15: =IF(I15="","",INDEX($O$3:$O$402,I15)) | T15: =IF(J15<>"H","",INDEX(Transaksi!$A$2:$A$2001,MATCH(S15,Transaksi!$M$2:$M$2001,0)))
A16: =IF(J16="E",IF(INDEX(Transaksi!$J$2:$J$2001,K16)>0,"↑","↓"),"") | B16: =IF(J16="H",CHOOSE(WEEKDAY(T16,2),"Isnin","Selasa","Rabu","Khamis","Jumaat","Sabtu","Ahad")&", "&DAY(T16)&" "&CHOOSE(MONTH(T16),"Jan","Feb","Mac","Apr","Mei","Jun","Jul","Ogo","Sep","Okt","Nov","Dis")&" "&YEAR(T16),IF(J16="E",IF(INDEX(Transaksi!$B$2:$B$2001,K16)="",INDEX(Transaksi!$C$2:$C$2001,K16)&" · "&INDEX(Transaksi!$D$2:$D$2001,K16),INDEX(Transaksi!$B$2:$B$2001,K16)),"")) | C16: =IF(J16="E",INDEX(Transaksi!$C$2:$C$2001,K16)&"","") | D16: =IF(J16="E",INDEX(Transaksi!$D$2:$D$2001,K16)&"","") | E16: =IF(J16="H",SUMIFS(Transaksi!$G$2:$G$2001,Transaksi!$M$2:$M$2001,"="&S16)+SUMIFS(Transaksi!$H$2:$H$2001,Transaksi!$M$2:$M$2001,"="&S16)+SUMIFS(Transaksi!$I$2:$I$2001,Transaksi!$M$2:$M$2001,"="&S16),IF(J16="E",IF(INDEX(Transaksi!$G$2:$G$2001,K16)+INDEX(Transaksi!$H$2:$H$2001,K16)+INDEX(Transaksi!$I$2:$I$2001,K16)=0,"",INDEX(Transaksi!$G$2:$G$2001,K16)+INDEX(Transaksi!$H$2:$H$2001,K16)+INDEX(Transaksi!$I$2:$I$2001,K16)),"")) | F16: =IF(J16="H",SUMIFS(Transaksi!$J$2:$J$2001,Transaksi!$M$2:$M$2001,"="&S16),IF(J16="E",IF(INDEX(Transaksi!$J$2:$J$2001,K16)=0,"",INDEX(Transaksi!$J$2:$J$2001,K16)),"")) | G16: =IF(J16="H",(SUMIFS(Transaksi!$G$2:$G$2001,Transaksi!$M$2:$M$2001,"<="&S16)+SUMIFS(Transaksi!$H$2:$H$2001,Transaksi!$M$2:$M$2001,"<="&S16)+SUMIFS(Transaksi!$I$2:$I$2001,Transaksi!$M$2:$M$2001,"<="&S16))-(SUMIFS(Transaksi!$J$2:$J$2001,Transaksi!$M$2:$M$2001,"<="&S16)),"") | I16: =IF(13>$O$2,"",MATCH(13,$Q$3:$Q$402,1)) | J16: =IF(I16="","",IF(13=INDEX($Q$3:$Q$402,I16),"H","E")) | K16: =IF(J16<>"E","",MATCH(S16,Transaksi!$M$2:$M$2001,0)+13-INDEX($Q$3:$Q$402,I16)-1) | N16: 14 | O16: =IF(N16<=$O$1,$O$1-N16+1,"") | P16: =IF(O16="",0,COUNTIF(Transaksi!$M$2:$M$2001,O16)+1) | Q16: =1+SUM(P$2:P15) | S16: =IF(I16="","",INDEX($O$3:$O$402,I16)) | T16: =IF(J16<>"H","",INDEX(Transaksi!$A$2:$A$2001,MATCH(S16,Transaksi!$M$2:$M$2001,0)))
A17: =IF(J17="E",IF(INDEX(Transaksi!$J$2:$J$2001,K17)>0,"↑","↓"),"") | B17: =IF(J17="H",CHOOSE(WEEKDAY(T17,2),"Isnin","Selasa","Rabu","Khamis","Jumaat","Sabtu","Ahad")&", "&DAY(T17)&" "&CHOOSE(MONTH(T17),"Jan","Feb","Mac","Apr","Mei","Jun","Jul","Ogo","Sep","Okt","Nov","Dis")&" "&YEAR(T17),IF(J17="E",IF(INDEX(Transaksi!$B$2:$B$2001,K17)="",INDEX(Transaksi!$C$2:$C$2001,K17)&" · "&INDEX(Transaksi!$D$2:$D$2001,K17),INDEX(Transaksi!$B$2:$B$2001,K17)),"")) | C17: =IF(J17="E",INDEX(Transaksi!$C$2:$C$2001,K17)&"","") | D17: =IF(J17="E",INDEX(Transaksi!$D$2:$D$2001,K17)&"","") | E17: =IF(J17="H",SUMIFS(Transaksi!$G$2:$G$2001,Transaksi!$M$2:$M$2001,"="&S17)+SUMIFS(Transaksi!$H$2:$H$2001,Transaksi!$M$2:$M$2001,"="&S17)+SUMIFS(Transaksi!$I$2:$I$2001,Transaksi!$M$2:$M$2001,"="&S17),IF(J17="E",IF(INDEX(Transaksi!$G$2:$G$2001,K17)+INDEX(Transaksi!$H$2:$H$2001,K17)+INDEX(Transaksi!$I$2:$I$2001,K17)=0,"",INDEX(Transaksi!$G$2:$G$2001,K17)+INDEX(Transaksi!$H$2:$H$2001,K17)+INDEX(Transaksi!$I$2:$I$2001,K17)),"")) | F17: =IF(J17="H",SUMIFS(Transaksi!$J$2:$J$2001,Transaksi!$M$2:$M$2001,"="&S17),IF(J17="E",IF(INDEX(Transaksi!$J$2:$J$2001,K17)=0,"",INDEX(Transaksi!$J$2:$J$2001,K17)),"")) | G17: =IF(J17="H",(SUMIFS(Transaksi!$G$2:$G$2001,Transaksi!$M$2:$M$2001,"<="&S17)+SUMIFS(Transaksi!$H$2:$H$2001,Transaksi!$M$2:$M$2001,"<="&S17)+SUMIFS(Transaksi!$I$2:$I$2001,Transaksi!$M$2:$M$2001,"<="&S17))-(SUMIFS(Transaksi!$J$2:$J$2001,Transaksi!$M$2:$M$2001,"<="&S17)),"") | I17: =IF(14>$O$2,"",MATCH(14,$Q$3:$Q$402,1)) | J17: =IF(I17="","",IF(14=INDEX($Q$3:$Q$402,I17),"H","E")) | K17: =IF(J17<>"E","",MATCH(S17,Transaksi!$M$2:$M$2001,0)+14-INDEX($Q$3:$Q$402,I17)-1) | N17: 15 | O17: =IF(N17<=$O$1,$O$1-N17+1,"") | P17: =IF(O17="",0,COUNTIF(Transaksi!$M$2:$M$2001,O17)+1) | Q17: =1+SUM(P$2:P16) | S17: =IF(I17="","",INDEX($O$3:$O$402,I17)) | T17: =IF(J17<>"H","",INDEX(Transaksi!$A$2:$A$2001,MATCH(S17,Transaksi!$M$2:$M$2001,0)))
A18: =IF(J18="E",IF(INDEX(Transaksi!$J$2:$J$2001,K18)>0,"↑","↓"),"") | B18: =IF(J18="H",CHOOSE(WEEKDAY(T18,2),"Isnin","Selasa","Rabu","Khamis","Jumaat","Sabtu","Ahad")&", "&DAY(T18)&" "&CHOOSE(MONTH(T18),"Jan","Feb","Mac","Apr","Mei","Jun","Jul","Ogo","Sep","Okt","Nov","Dis")&" "&YEAR(T18),IF(J18="E",IF(INDEX(Transaksi!$B$2:$B$2001,K18)="",INDEX(Transaksi!$C$2:$C$2001,K18)&" · "&INDEX(Transaksi!$D$2:$D$2001,K18),INDEX(Transaksi!$B$2:$B$2001,K18)),"")) | C18: =IF(J18="E",INDEX(Transaksi!$C$2:$C$2001,K18)&"","") | D18: =IF(J18="E",INDEX(Transaksi!$D$2:$D$2001,K18)&"","") | E18: =IF(J18="H",SUMIFS(Transaksi!$G$2:$G$2001,Transaksi!$M$2:$M$2001,"="&S18)+SUMIFS(Transaksi!$H$2:$H$2001,Transaksi!$M$2:$M$2001,"="&S18)+SUMIFS(Transaksi!$I$2:$I$2001,Transaksi!$M$2:$M$2001,"="&S18),IF(J18="E",IF(INDEX(Transaksi!$G$2:$G$2001,K18)+INDEX(Transaksi!$H$2:$H$2001,K18)+INDEX(Transaksi!$I$2:$I$2001,K18)=0,"",INDEX(Transaksi!$G$2:$G$2001,K18)+INDEX(Transaksi!$H$2:$H$2001,K18)+INDEX(Transaksi!$I$2:$I$2001,K18)),"")) | F18: =IF(J18="H",SUMIFS(Transaksi!$J$2:$J$2001,Transaksi!$M$2:$M$2001,"="&S18),IF(J18="E",IF(INDEX(Transaksi!$J$2:$J$2001,K18)=0,"",INDEX(Transaksi!$J$2:$J$2001,K18)),"")) | G18: =IF(J18="H",(SUMIFS(Transaksi!$G$2:$G$2001,Transaksi!$M$2:$M$2001,"<="&S18)+SUMIFS(Transaksi!$H$2:$H$2001,Transaksi!$M$2:$M$2001,"<="&S18)+SUMIFS(Transaksi!$I$2:$I$2001,Transaksi!$M$2:$M$2001,"<="&S18))-(SUMIFS(Transaksi!$J$2:$J$2001,Transaksi!$M$2:$M$2001,"<="&S18)),"") | I18: =IF(15>$O$2,"",MATCH(15,$Q$3:$Q$402,1)) | J18: =IF(I18="","",IF(15=INDEX($Q$3:$Q$402,I18),"H","E")) | K18: =IF(J18<>"E","",MATCH(S18,Transaksi!$M$2:$M$2001,0)+15-INDEX($Q$3:$Q$402,I18)-1) | N18: 16 | O18: =IF(N18<=$O$1,$O$1-N18+1,"") | P18: =IF(O18="",0,COUNTIF(Transaksi!$M$2:$M$2001,O18)+1) | Q18: =1+SUM(P$2:P17) | S18: =IF(I18="","",INDEX($O$3:$O$402,I18)) | T18: =IF(J18<>"H","",INDEX(Transaksi!$A$2:$A$2001,MATCH(S18,Transaksi!$M$2:$M$2001,0)))
A19: =IF(J19="E",IF(INDEX(Transaksi!$J$2:$J$2001,K19)>0,"↑","↓"),"") | B19: =IF(J19="H",CHOOSE(WEEKDAY(T19,2),"Isnin","Selasa","Rabu","Khamis","Jumaat","Sabtu","Ahad")&", "&DAY(T19)&" "&CHOOSE(MONTH(T19),"Jan","Feb","Mac","Apr","Mei","Jun","Jul","Ogo","Sep","Okt","Nov","Dis")&" "&YEAR(T19),IF(J19="E",IF(INDEX(Transaksi!$B$2:$B$2001,K19)="",INDEX(Transaksi!$C$2:$C$2001,K19)&" · "&INDEX(Transaksi!$D$2:$D$2001,K19),INDEX(Transaksi!$B$2:$B$2001,K19)),"")) | C19: =IF(J19="E",INDEX(Transaksi!$C$2:$C$2001,K19)&"","") | D19: =IF(J19="E",INDEX(Transaksi!$D$2:$D$2001,K19)&"","") | E19: =IF(J19="H",SUMIFS(Transaksi!$G$2:$G$2001,Transaksi!$M$2:$M$2001,"="&S19)+SUMIFS(Transaksi!$H$2:$H$2001,Transaksi!$M$2:$M$2001,"="&S19)+SUMIFS(Transaksi!$I$2:$I$2001,Transaksi!$M$2:$M$2001,"="&S19),IF(J19="E",IF(INDEX(Transaksi!$G$2:$G$2001,K19)+INDEX(Transaksi!$H$2:$H$2001,K19)+INDEX(Transaksi!$I$2:$I$2001,K19)=0,"",INDEX(Transaksi!$G$2:$G$2001,K19)+INDEX(Transaksi!$H$2:$H$2001,K19)+INDEX(Transaksi!$I$2:$I$2001,K19)),"")) | F19: =IF(J19="H",SUMIFS(Transaksi!$J$2:$J$2001,Transaksi!$M$2:$M$2001,"="&S19),IF(J19="E",IF(INDEX(Transaksi!$J$2:$J$2001,K19)=0,"",INDEX(Transaksi!$J$2:$J$2001,K19)),"")) | G19: =IF(J19="H",(SUMIFS(Transaksi!$G$2:$G$2001,Transaksi!$M$2:$M$2001,"<="&S19)+SUMIFS(Transaksi!$H$2:$H$2001,Transaksi!$M$2:$M$2001,"<="&S19)+SUMIFS(Transaksi!$I$2:$I$2001,Transaksi!$M$2:$M$2001,"<="&S19))-(SUMIFS(Transaksi!$J$2:$J$2001,Transaksi!$M$2:$M$2001,"<="&S19)),"") | I19: =IF(16>$O$2,"",MATCH(16,$Q$3:$Q$402,1)) | J19: =IF(I19="","",IF(16=INDEX($Q$3:$Q$402,I19),"H","E")) | K19: =IF(J19<>"E","",MATCH(S19,Transaksi!$M$2:$M$2001,0)+16-INDEX($Q$3:$Q$402,I19)-1) | N19: 17 | O19: =IF(N19<=$O$1,$O$1-N19+1,"") | P19: =IF(O19="",0,COUNTIF(Transaksi!$M$2:$M$2001,O19)+1) | Q19: =1+SUM(P$2:P18) | S19: =IF(I19="","",INDEX($O$3:$O$402,I19)) | T19: =IF(J19<>"H","",INDEX(Transaksi!$A$2:$A$2001,MATCH(S19,Transaksi!$M$2:$M$2001,0)))
A20: =IF(J20="E",IF(INDEX(Transaksi!$J$2:$J$2001,K20)>0,"↑","↓"),"") | B20: =IF(J20="H",CHOOSE(WEEKDAY(T20,2),"Isnin","Selasa","Rabu","Khamis","Jumaat","Sabtu","Ahad")&", "&DAY(T20)&" "&CHOOSE(MONTH(T20),"Jan","Feb","Mac","Apr","Mei","Jun","Jul","Ogo","Sep","Okt","Nov","Dis")&" "&YEAR(T20),IF(J20="E",IF(INDEX(Transaksi!$B$2:$B$2001,K20)="",INDEX(Transaksi!$C$2:$C$2001,K20)&" · "&INDEX(Transaksi!$D$2:$D$2001,K20),INDEX(Transaksi!$B$2:$B$2001,K20)),"")) | C20: =IF(J20="E",INDEX(Transaksi!$C$2:$C$2001,K20)&"","") | D20: =IF(J20="E",INDEX(Transaksi!$D$2:$D$2001,K20)&"","") | E20: =IF(J20="H",SUMIFS(Transaksi!$G$2:$G$2001,Transaksi!$M$2:$M$2001,"="&S20)+SUMIFS(Transaksi!$H$2:$H$2001,Transaksi!$M$2:$M$2001,"="&S20)+SUMIFS(Transaksi!$I$2:$I$2001,Transaksi!$M$2:$M$2001,"="&S20),IF(J20="E",IF(INDEX(Transaksi!$G$2:$G$2001,K20)+INDEX(Transaksi!$H$2:$H$2001,K20)+INDEX(Transaksi!$I$2:$I$2001,K20)=0,"",INDEX(Transaksi!$G$2:$G$2001,K20)+INDEX(Transaksi!$H$2:$H$2001,K20)+INDEX(Transaksi!$I$2:$I$2001,K20)),"")) | F20: =IF(J20="H",SUMIFS(Transaksi!$J$2:$J$2001,Transaksi!$M$2:$M$2001,"="&S20),IF(J20="E",IF(INDEX(Transaksi!$J$2:$J$2001,K20)=0,"",INDEX(Transaksi!$J$2:$J$2001,K20)),"")) | G20: =IF(J20="H",(SUMIFS(Transaksi!$G$2:$G$2001,Transaksi!$M$2:$M$2001,"<="&S20)+SUMIFS(Transaksi!$H$2:$H$2001,Transaksi!$M$2:$M$2001,"<="&S20)+SUMIFS(Transaksi!$I$2:$I$2001,Transaksi!$M$2:$M$2001,"<="&S20))-(SUMIFS(Transaksi!$J$2:$J$2001,Transaksi!$M$2:$M$2001,"<="&S20)),"") | I20: =IF(17>$O$2,"",MATCH(17,$Q$3:$Q$402,1)) | J20: =IF(I20="","",IF(17=INDEX($Q$3:$Q$402,I20),"H","E")) | K20: =IF(J20<>"E","",MATCH(S20,Transaksi!$M$2:$M$2001,0)+17-INDEX($Q$3:$Q$402,I20)-1) | N20: 18 | O20: =IF(N20<=$O$1,$O$1-N20+1,"") | P20: =IF(O20="",0,COUNTIF(Transaksi!$M$2:$M$2001,O20)+1) | Q20: =1+SUM(P$2:P19) | S20: =IF(I20="","",INDEX($O$3:$O$402,I20)) | T20: =IF(J20<>"H","",INDEX(Transaksi!$A$2:$A$2001,MATCH(S20,Transaksi!$M$2:$M$2001,0)))
A21: =IF(J21="E",IF(INDEX(Transaksi!$J$2:$J$2001,K21)>0,"↑","↓"),"") | B21: =IF(J21="H",CHOOSE(WEEKDAY(T21,2),"Isnin","Selasa","Rabu","Khamis","Jumaat","Sabtu","Ahad")&", "&DAY(T21)&" "&CHOOSE(MONTH(T21),"Jan","Feb","Mac","Apr","Mei","Jun","Jul","Ogo","Sep","Okt","Nov","Dis")&" "&YEAR(T21),IF(J21="E",IF(INDEX(Transaksi!$B$2:$B$2001,K21)="",INDEX(Transaksi!$C$2:$C$2001,K21)&" · "&INDEX(Transaksi!$D$2:$D$2001,K21),INDEX(Transaksi!$B$2:$B$2001,K21)),"")) | C21: =IF(J21="E",INDEX(Transaksi!$C$2:$C$2001,K21)&"","") | D21: =IF(J21="E",INDEX(Transaksi!$D$2:$D$2001,K21)&"","") | E21: =IF(J21="H",SUMIFS(Transaksi!$G$2:$G$2001,Transaksi!$M$2:$M$2001,"="&S21)+SUMIFS(Transaksi!$H$2:$H$2001,Transaksi!$M$2:$M$2001,"="&S21)+SUMIFS(Transaksi!$I$2:$I$2001,Transaksi!$M$2:$M$2001,"="&S21),IF(J21="E",IF(INDEX(Transaksi!$G$2:$G$2001,K21)+INDEX(Transaksi!$H$2:$H$2001,K21)+INDEX(Transaksi!$I$2:$I$2001,K21)=0,"",INDEX(Transaksi!$G$2:$G$2001,K21)+INDEX(Transaksi!$H$2:$H$2001,K21)+INDEX(Transaksi!$I$2:$I$2001,K21)),"")) | F21: =IF(J21="H",SUMIFS(Transaksi!$J$2:$J$2001,Transaksi!$M$2:$M$2001,"="&S21),IF(J21="E",IF(INDEX(Transaksi!$J$2:$J$2001,K21)=0,"",INDEX(Transaksi!$J$2:$J$2001,K21)),"")) | G21: =IF(J21="H",(SUMIFS(Transaksi!$G$2:$G$2001,Transaksi!$M$2:$M$2001,"<="&S21)+SUMIFS(Transaksi!$H$2:$H$2001,Transaksi!$M$2:$M$2001,"<="&S21)+SUMIFS(Transaksi!$I$2:$I$2001,Transaksi!$M$2:$M$2001,"<="&S21))-(SUMIFS(Transaksi!$J$2:$J$2001,Transaksi!$M$2:$M$2001,"<="&S21)),"") | I21: =IF(18>$O$2,"",MATCH(18,$Q$3:$Q$402,1)) | J21: =IF(I21="","",IF(18=INDEX($Q$3:$Q$402,I21),"H","E")) | K21: =IF(J21<>"E","",MATCH(S21,Transaksi!$M$2:$M$2001,0)+18-INDEX($Q$3:$Q$402,I21)-1) | N21: 19 | O21: =IF(N21<=$O$1,$O$1-N21+1,"") | P21: =IF(O21="",0,COUNTIF(Transaksi!$M$2:$M$2001,O21)+1) | Q21: =1+SUM(P$2:P20) | S21: =IF(I21="","",INDEX($O$3:$O$402,I21)) | T21: =IF(J21<>"H","",INDEX(Transaksi!$A$2:$A$2001,MATCH(S21,Transaksi!$M$2:$M$2001,0)))
A22: =IF(J22="E",IF(INDEX(Transaksi!$J$2:$J$2001,K22)>0,"↑","↓"),"") | B22: =IF(J22="H",CHOOSE(WEEKDAY(T22,2),"Isnin","Selasa","Rabu","Khamis","Jumaat","Sabtu","Ahad")&", "&DAY(T22)&" "&CHOOSE(MONTH(T22),"Jan","Feb","Mac","Apr","Mei","Jun","Jul","Ogo","Sep","Okt","Nov","Dis")&" "&YEAR(T22),IF(J22="E",IF(INDEX(Transaksi!$B$2:$B$2001,K22)="",INDEX(Transaksi!$C$2:$C$2001,K22)&" · "&INDEX(Transaksi!$D$2:$D$2001,K22),INDEX(Transaksi!$B$2:$B$2001,K22)),"")) | C22: =IF(J22="E",INDEX(Transaksi!$C$2:$C$2001,K22)&"","") | D22: =IF(J22="E",INDEX(Transaksi!$D$2:$D$2001,K22)&"","") | E22: =IF(J22="H",SUMIFS(Transaksi!$G$2:$G$2001,Transaksi!$M$2:$M$2001,"="&S22)+SUMIFS(Transaksi!$H$2:$H$2001,Transaksi!$M$2:$M$2001,"="&S22)+SUMIFS(Transaksi!$I$2:$I$2001,Transaksi!$M$2:$M$2001,"="&S22),IF(J22="E",IF(INDEX(Transaksi!$G$2:$G$2001,K22)+INDEX(Transaksi!$H$2:$H$2001,K22)+INDEX(Transaksi!$I$2:$I$2001,K22)=0,"",INDEX(Transaksi!$G$2:$G$2001,K22)+INDEX(Transaksi!$H$2:$H$2001,K22)+INDEX(Transaksi!$I$2:$I$2001,K22)),"")) | F22: =IF(J22="H",SUMIFS(Transaksi!$J$2:$J$2001,Transaksi!$M$2:$M$2001,"="&S22),IF(J22="E",IF(INDEX(Transaksi!$J$2:$J$2001,K22)=0,"",INDEX(Transaksi!$J$2:$J$2001,K22)),"")) | G22: =IF(J22="H",(SUMIFS(Transaksi!$G$2:$G$2001,Transaksi!$M$2:$M$2001,"<="&S22)+SUMIFS(Transaksi!$H$2:$H$2001,Transaksi!$M$2:$M$2001,"<="&S22)+SUMIFS(Transaksi!$I$2:$I$2001,Transaksi!$M$2:$M$2001,"<="&S22))-(SUMIFS(Transaksi!$J$2:$J$2001,Transaksi!$M$2:$M$2001,"<="&S22)),"") | I22: =IF(19>$O$2,"",MATCH(19,$Q$3:$Q$402,1)) | J22: =IF(I22="","",IF(19=INDEX($Q$3:$Q$402,I22),"H","E")) | K22: =IF(J22<>"E","",MATCH(S22,Transaksi!$M$2:$M$2001,0)+19-INDEX($Q$3:$Q$402,I22)-1) | N22: 20 | O22: =IF(N22<=$O$1,$O$1-N22+1,"") | P22: =IF(O22="",0,COUNTIF(Transaksi!$M$2:$M$2001,O22)+1) | Q22: =1+SUM(P$2:P21) | S22: =IF(I22="","",INDEX($O$3:$O$402,I22)) | T22: =IF(J22<>"H","",INDEX(Transaksi!$A$2:$A$2001,MATCH(S22,Transaksi!$M$2:$M$2001,0)))
A23: =IF(J23="E",IF(INDEX(Transaksi!$J$2:$J$2001,K23)>0,"↑","↓"),"") | B23: =IF(J23="H",CHOOSE(WEEKDAY(T23,2),"Isnin","Selasa","Rabu","Khamis","Jumaat","Sabtu","Ahad")&", "&DAY(T23)&" "&CHOOSE(MONTH(T23),"Jan","Feb","Mac","Apr","Mei","Jun","Jul","Ogo","Sep","Okt","Nov","Dis")&" "&YEAR(T23),IF(J23="E",IF(INDEX(Transaksi!$B$2:$B$2001,K23)="",INDEX(Transaksi!$C$2:$C$2001,K23)&" · "&INDEX(Transaksi!$D$2:$D$2001,K23),INDEX(Transaksi!$B$2:$B$2001,K23)),"")) | C23: =IF(J23="E",INDEX(Transaksi!$C$2:$C$2001,K23)&"","") | D23: =IF(J23="E",INDEX(Transaksi!$D$2:$D$2001,K23)&"","") | E23: =IF(J23="H",SUMIFS(Transaksi!$G$2:$G$2001,Transaksi!$M$2:$M$2001,"="&S23)+SUMIFS(Transaksi!$H$2:$H$2001,Transaksi!$M$2:$M$2001,"="&S23)+SUMIFS(Transaksi!$I$2:$I$2001,Transaksi!$M$2:$M$2001,"="&S23),IF(J23="E",IF(INDEX(Transaksi!$G$2:$G$2001,K23)+INDEX(Transaksi!$H$2:$H$2001,K23)+INDEX(Transaksi!$I$2:$I$2001,K23)=0,"",INDEX(Transaksi!$G$2:$G$2001,K23)+INDEX(Transaksi!$H$2:$H$2001,K23)+INDEX(Transaksi!$I$2:$I$2001,K23)),"")) | F23: =IF(J23="H",SUMIFS(Transaksi!$J$2:$J$2001,Transaksi!$M$2:$M$2001,"="&S23),IF(J23="E",IF(INDEX(Transaksi!$J$2:$J$2001,K23)=0,"",INDEX(Transaksi!$J$2:$J$2001,K23)),"")) | G23: =IF(J23="H",(SUMIFS(Transaksi!$G$2:$G$2001,Transaksi!$M$2:$M$2001,"<="&S23)+SUMIFS(Transaksi!$H$2:$H$2001,Transaksi!$M$2:$M$2001,"<="&S23)+SUMIFS(Transaksi!$I$2:$I$2001,Transaksi!$M$2:$M$2001,"<="&S23))-(SUMIFS(Transaksi!$J$2:$J$2001,Transaksi!$M$2:$M$2001,"<="&S23)),"") | I23: =IF(20>$O$2,"",MATCH(20,$Q$3:$Q$402,1)) | J23: =IF(I23="","",IF(20=INDEX($Q$3:$Q$402,I23),"H","E")) | K23: =IF(J23<>"E","",MATCH(S23,Transaksi!$M$2:$M$2001,0)+20-INDEX($Q$3:$Q$402,I23)-1) | N23: 21 | O23: =IF(N23<=$O$1,$O$1-N23+1,"") | P23: =IF(O23="",0,COUNTIF(Transaksi!$M$2:$M$2001,O23)+1) | Q23: =1+SUM(P$2:P22) | S23: =IF(I23="","",INDEX($O$3:$O$402,I23)) | T23: =IF(J23<>"H","",INDEX(Transaksi!$A$2:$A$2001,MATCH(S23,Transaksi!$M$2:$M$2001,0)))
A24: =IF(J24="E",IF(INDEX(Transaksi!$J$2:$J$2001,K24)>0,"↑","↓"),"") | B24: =IF(J24="H",CHOOSE(WEEKDAY(T24,2),"Isnin","Selasa","Rabu","Khamis","Jumaat","Sabtu","Ahad")&", "&DAY(T24)&" "&CHOOSE(MONTH(T24),"Jan","Feb","Mac","Apr","Mei","Jun","Jul","Ogo","Sep","Okt","Nov","Dis")&" "&YEAR(T24),IF(J24="E",IF(INDEX(Transaksi!$B$2:$B$2001,K24)="",INDEX(Transaksi!$C$2:$C$2001,K24)&" · "&INDEX(Transaksi!$D$2:$D$2001,K24),INDEX(Transaksi!$B$2:$B$2001,K24)),"")) | C24: =IF(J24="E",INDEX(Transaksi!$C$2:$C$2001,K24)&"","") | D24: =IF(J24="E",INDEX(Transaksi!$D$2:$D$2001,K24)&"","") | E24: =IF(J24="H",SUMIFS(Transaksi!$G$2:$G$2001,Transaksi!$M$2:$M$2001,"="&S24)+SUMIFS(Transaksi!$H$2:$H$2001,Transaksi!$M$2:$M$2001,"="&S24)+SUMIFS(Transaksi!$I$2:$I$2001,Transaksi!$M$2:$M$2001,"="&S24),IF(J24="E",IF(INDEX(Transaksi!$G$2:$G$2001,K24)+INDEX(Transaksi!$H$2:$H$2001,K24)+INDEX(Transaksi!$I$2:$I$2001,K24)=0,"",INDEX(Transaksi!$G$2:$G$2001,K24)+INDEX(Transaksi!$H$2:$H$2001,K24)+INDEX(Transaksi!$I$2:$I$2001,K24)),"")) | F24: =IF(J24="H",SUMIFS(Transaksi!$J$2:$J$2001,Transaksi!$M$2:$M$2001,"="&S24),IF(J24="E",IF(INDEX(Transaksi!$J$2:$J$2001,K24)=0,"",INDEX(Transaksi!$J$2:$J$2001,K24)),"")) | G24: =IF(J24="H",(SUMIFS(Transaksi!$G$2:$G$2001,Transaksi!$M$2:$M$2001,"<="&S24)+SUMIFS(Transaksi!$H$2:$H$2001,Transaksi!$M$2:$M$2001,"<="&S24)+SUMIFS(Transaksi!$I$2:$I$2001,Transaksi!$M$2:$M$2001,"<="&S24))-(SUMIFS(Transaksi!$J$2:$J$2001,Transaksi!$M$2:$M$2001,"<="&S24)),"") | I24: =IF(21>$O$2,"",MATCH(21,$Q$3:$Q$402,1)) | J24: =IF(I24="","",IF(21=INDEX($Q$3:$Q$402,I24),"H","E")) | K24: =IF(J24<>"E","",MATCH(S24,Transaksi!$M$2:$M$2001,0)+21-INDEX($Q$3:$Q$402,I24)-1) | N24: 22 | O24: =IF(N24<=$O$1,$O$1-N24+1,"") | P24: =IF(O24="",0,COUNTIF(Transaksi!$M$2:$M$2001,O24)+1) | Q24: =1+SUM(P$2:P23) | S24: =IF(I24="","",INDEX($O$3:$O$402,I24)) | T24: =IF(J24<>"H","",INDEX(Transaksi!$A$2:$A$2001,MATCH(S24,Transaksi!$M$2:$M$2001,0)))
A25: =IF(J25="E",IF(INDEX(Transaksi!$J$2:$J$2001,K25)>0,"↑","↓"),"") | B25: =IF(J25="H",CHOOSE(WEEKDAY(T25,2),"Isnin","Selasa","Rabu","Khamis","Jumaat","Sabtu","Ahad")&", "&DAY(T25)&" "&CHOOSE(MONTH(T25),"Jan","Feb","Mac","Apr","Mei","Jun","Jul","Ogo","Sep","Okt","Nov","Dis")&" "&YEAR(T25),IF(J25="E",IF(INDEX(Transaksi!$B$2:$B$2001,K25)="",INDEX(Transaksi!$C$2:$C$2001,K25)&" · "&INDEX(Transaksi!$D$2:$D$2001,K25),INDEX(Transaksi!$B$2:$B$2001,K25)),"")) | C25: =IF(J25="E",INDEX(Transaksi!$C$2:$C$2001,K25)&"","") | D25: =IF(J25="E",INDEX(Transaksi!$D$2:$D$2001,K25)&"","") | E25: =IF(J25="H",SUMIFS(Transaksi!$G$2:$G$2001,Transaksi!$M$2:$M$2001,"="&S25)+SUMIFS(Transaksi!$H$2:$H$2001,Transaksi!$M$2:$M$2001,"="&S25)+SUMIFS(Transaksi!$I$2:$I$2001,Transaksi!$M$2:$M$2001,"="&S25),IF(J25="E",IF(INDEX(Transaksi!$G$2:$G$2001,K25)+INDEX(Transaksi!$H$2:$H$2001,K25)+INDEX(Transaksi!$I$2:$I$2001,K25)=0,"",INDEX(Transaksi!$G$2:$G$2001,K25)+INDEX(Transaksi!$H$2:$H$2001,K25)+INDEX(Transaksi!$I$2:$I$2001,K25)),"")) | F25: =IF(J25="H",SUMIFS(Transaksi!$J$2:$J$2001,Transaksi!$M$2:$M$2001,"="&S25),IF(J25="E",IF(INDEX(Transaksi!$J$2:$J$2001,K25)=0,"",INDEX(Transaksi!$J$2:$J$2001,K25)),"")) | G25: =IF(J25="H",(SUMIFS(Transaksi!$G$2:$G$2001,Transaksi!$M$2:$M$2001,"<="&S25)+SUMIFS(Transaksi!$H$2:$H$2001,Transaksi!$M$2:$M$2001,"<="&S25)+SUMIFS(Transaksi!$I$2:$I$2001,Transaksi!$M$2:$M$2001,"<="&S25))-(SUMIFS(Transaksi!$J$2:$J$2001,Transaksi!$M$2:$M$2001,"<="&S25)),"") | I25: =IF(22>$O$2,"",MATCH(22,$Q$3:$Q$402,1)) | J25: =IF(I25="","",IF(22=INDEX($Q$3:$Q$402,I25),"H","E")) | K25: =IF(J25<>"E","",MATCH(S25,Transaksi!$M$2:$M$2001,0)+22-INDEX($Q$3:$Q$402,I25)-1) | N25: 23 | O25: =IF(N25<=$O$1,$O$1-N25+1,"") | P25: =IF(O25="",0,COUNTIF(Transaksi!$M$2:$M$2001,O25)+1) | Q25: =1+SUM(P$2:P24) | S25: =IF(I25="","",INDEX($O$3:$O$402,I25)) | T25: =IF(J25<>"H","",INDEX(Transaksi!$A$2:$A$2001,MATCH(S25,Transaksi!$M$2:$M$2001,0)))
A26: =IF(J26="E",IF(INDEX(Transaksi!$J$2:$J$2001,K26)>0,"↑","↓"),"") | B26: =IF(J26="H",CHOOSE(WEEKDAY(T26,2),"Isnin","Selasa","Rabu","Khamis","Jumaat","Sabtu","Ahad")&", "&DAY(T26)&" "&CHOOSE(MONTH(T26),"Jan","Feb","Mac","Apr","Mei","Jun","Jul","Ogo","Sep","Okt","Nov","Dis")&" "&YEAR(T26),IF(J26="E",IF(INDEX(Transaksi!$B$2:$B$2001,K26)="",INDEX(Transaksi!$C$2:$C$2001,K26)&" · "&INDEX(Transaksi!$D$2:$D$2001,K26),INDEX(Transaksi!$B$2:$B$2001,K26)),"")) | C26: =IF(J26="E",INDEX(Transaksi!$C$2:$C$2001,K26)&"","") | D26: =IF(J26="E",INDEX(Transaksi!$D$2:$D$2001,K26)&"","") | E26: =IF(J26="H",SUMIFS(Transaksi!$G$2:$G$2001,Transaksi!$M$2:$M$2001,"="&S26)+SUMIFS(Transaksi!$H$2:$H$2001,Transaksi!$M$2:$M$2001,"="&S26)+SUMIFS(Transaksi!$I$2:$I$2001,Transaksi!$M$2:$M$2001,"="&S26),IF(J26="E",IF(INDEX(Transaksi!$G$2:$G$2001,K26)+INDEX(Transaksi!$H$2:$H$2001,K26)+INDEX(Transaksi!$I$2:$I$2001,K26)=0,"",INDEX(Transaksi!$G$2:$G$2001,K26)+INDEX(Transaksi!$H$2:$H$2001,K26)+INDEX(Transaksi!$I$2:$I$2001,K26)),"")) | F26: =IF(J26="H",SUMIFS(Transaksi!$J$2:$J$2001,Transaksi!$M$2:$M$2001,"="&S26),IF(J26="E",IF(INDEX(Transaksi!$J$2:$J$2001,K26)=0,"",INDEX(Transaksi!$J$2:$J$2001,K26)),"")) | G26: =IF(J26="H",(SUMIFS(Transaksi!$G$2:$G$2001,Transaksi!$M$2:$M$2001,"<="&S26)+SUMIFS(Transaksi!$H$2:$H$2001,Transaksi!$M$2:$M$2001,"<="&S26)+SUMIFS(Transaksi!$I$2:$I$2001,Transaksi!$M$2:$M$2001,"<="&S26))-(SUMIFS(Transaksi!$J$2:$J$2001,Transaksi!$M$2:$M$2001,"<="&S26)),"") | I26: =IF(23>$O$2,"",MATCH(23,$Q$3:$Q$402,1)) | J26: =IF(I26="","",IF(23=INDEX($Q$3:$Q$402,I26),"H","E")) | K26: =IF(J26<>"E","",MATCH(S26,Transaksi!$M$2:$M$2001,0)+23-INDEX($Q$3:$Q$402,I26)-1) | N26: 24 | O26: =IF(N26<=$O$1,$O$1-N26+1,"") | P26: =IF(O26="",0,COUNTIF(Transaksi!$M$2:$M$2001,O26)+1) | Q26: =1+SUM(P$2:P25) | S26: =IF(I26="","",INDEX($O$3:$O$402,I26)) | T26: =IF(J26<>"H","",INDEX(Transaksi!$A$2:$A$2001,MATCH(S26,Transaksi!$M$2:$M$2001,0)))
A27: =IF(J27="E",IF(INDEX(Transaksi!$J$2:$J$2001,K27)>0,"↑","↓"),"") | B27: =IF(J27="H",CHOOSE(WEEKDAY(T27,2),"Isnin","Selasa","Rabu","Khamis","Jumaat","Sabtu","Ahad")&", "&DAY(T27)&" "&CHOOSE(MONTH(T27),"Jan","Feb","Mac","Apr","Mei","Jun","Jul","Ogo","Sep","Okt","Nov","Dis")&" "&YEAR(T27),IF(J27="E",IF(INDEX(Transaksi!$B$2:$B$2001,K27)="",INDEX(Transaksi!$C$2:$C$2001,K27)&" · "&INDEX(Transaksi!$D$2:$D$2001,K27),INDEX(Transaksi!$B$2:$B$2001,K27)),"")) | C27: =IF(J27="E",INDEX(Transaksi!$C$2:$C$2001,K27)&"","") | D27: =IF(J27="E",INDEX(Transaksi!$D$2:$D$2001,K27)&"","") | E27: =IF(J27="H",SUMIFS(Transaksi!$G$2:$G$2001,Transaksi!$M$2:$M$2001,"="&S27)+SUMIFS(Transaksi!$H$2:$H$2001,Transaksi!$M$2:$M$2001,"="&S27)+SUMIFS(Transaksi!$I$2:$I$2001,Transaksi!$M$2:$M$2001,"="&S27),IF(J27="E",IF(INDEX(Transaksi!$G$2:$G$2001,K27)+INDEX(Transaksi!$H$2:$H$2001,K27)+INDEX(Transaksi!$I$2:$I$2001,K27)=0,"",INDEX(Transaksi!$G$2:$G$2001,K27)+INDEX(Transaksi!$H$2:$H$2001,K27)+INDEX(Transaksi!$I$2:$I$2001,K27)),"")) | F27: =IF(J27="H",SUMIFS(Transaksi!$J$2:$J$2001,Transaksi!$M$2:$M$2001,"="&S27),IF(J27="E",IF(INDEX(Transaksi!$J$2:$J$2001,K27)=0,"",INDEX(Transaksi!$J$2:$J$2001,K27)),"")) | G27: =IF(J27="H",(SUMIFS(Transaksi!$G$2:$G$2001,Transaksi!$M$2:$M$2001,"<="&S27)+SUMIFS(Transaksi!$H$2:$H$2001,Transaksi!$M$2:$M$2001,"<="&S27)+SUMIFS(Transaksi!$I$2:$I$2001,Transaksi!$M$2:$M$2001,"<="&S27))-(SUMIFS(Transaksi!$J$2:$J$2001,Transaksi!$M$2:$M$2001,"<="&S27)),"") | I27: =IF(24>$O$2,"",MATCH(24,$Q$3:$Q$402,1)) | J27: =IF(I27="","",IF(24=INDEX($Q$3:$Q$402,I27),"H","E")) | K27: =IF(J27<>"E","",MATCH(S27,Transaksi!$M$2:$M$2001,0)+24-INDEX($Q$3:$Q$402,I27)-1) | N27: 25 | O27: =IF(N27<=$O$1,$O$1-N27+1,"") | P27: =IF(O27="",0,COUNTIF(Transaksi!$M$2:$M$2001,O27)+1) | Q27: =1+SUM(P$2:P26) | S27: =IF(I27="","",INDEX($O$3:$O$402,I27)) | T27: =IF(J27<>"H","",INDEX(Transaksi!$A$2:$A$2001,MATCH(S27,Transaksi!$M$2:$M$2001,0)))
A28: =IF(J28="E",IF(INDEX(Transaksi!$J$2:$J$2001,K28)>0,"↑","↓"),"") | B28: =IF(J28="H",CHOOSE(WEEKDAY(T28,2),"Isnin","Selasa","Rabu","Khamis","Jumaat","Sabtu","Ahad")&", "&DAY(T28)&" "&CHOOSE(MONTH(T28),"Jan","Feb","Mac","Apr","Mei","Jun","Jul","Ogo","Sep","Okt","Nov","Dis")&" "&YEAR(T28),IF(J28="E",IF(INDEX(Transaksi!$B$2:$B$2001,K28)="",INDEX(Transaksi!$C$2:$C$2001,K28)&" · "&INDEX(Transaksi!$D$2:$D$2001,K28),INDEX(Transaksi!$B$2:$B$2001,K28)),"")) | C28: =IF(J28="E",INDEX(Transaksi!$C$2:$C$2001,K28)&"","") | D28: =IF(J28="E",INDEX(Transaksi!$D$2:$D$2001,K28)&"","") | E28: =IF(J28="H",SUMIFS(Transaksi!$G$2:$G$2001,Transaksi!$M$2:$M$2001,"="&S28)+SUMIFS(Transaksi!$H$2:$H$2001,Transaksi!$M$2:$M$2001,"="&S28)+SUMIFS(Transaksi!$I$2:$I$2001,Transaksi!$M$2:$M$2001,"="&S28),IF(J28="E",IF(INDEX(Transaksi!$G$2:$G$2001,K28)+INDEX(Transaksi!$H$2:$H$2001,K28)+INDEX(Transaksi!$I$2:$I$2001,K28)=0,"",INDEX(Transaksi!$G$2:$G$2001,K28)+INDEX(Transaksi!$H$2:$H$2001,K28)+INDEX(Transaksi!$I$2:$I$2001,K28)),"")) | F28: =IF(J28="H",SUMIFS(Transaksi!$J$2:$J$2001,Transaksi!$M$2:$M$2001,"="&S28),IF(J28="E",IF(INDEX(Transaksi!$J$2:$J$2001,K28)=0,"",INDEX(Transaksi!$J$2:$J$2001,K28)),"")) | G28: =IF(J28="H",(SUMIFS(Transaksi!$G$2:$G$2001,Transaksi!$M$2:$M$2001,"<="&S28)+SUMIFS(Transaksi!$H$2:$H$2001,Transaksi!$M$2:$M$2001,"<="&S28)+SUMIFS(Transaksi!$I$2:$I$2001,Transaksi!$M$2:$M$2001,"<="&S28))-(SUMIFS(Transaksi!$J$2:$J$2001,Transaksi!$M$2:$M$2001,"<="&S28)),"") | I28: =IF(25>$O$2,"",MATCH(25,$Q$3:$Q$402,1)) | J28: =IF(I28="","",IF(25=INDEX($Q$3:$Q$402,I28),"H","E")) | K28: =IF(J28<>"E","",MATCH(S28,Transaksi!$M$2:$M$2001,0)+25-INDEX($Q$3:$Q$402,I28)-1) | N28: 26 | O28: =IF(N28<=$O$1,$O$1-N28+1,"") | P28: =IF(O28="",0,COUNTIF(Transaksi!$M$2:$M$2001,O28)+1) | Q28: =1+SUM(P$2:P27) | S28: =IF(I28="","",INDEX($O$3:$O$402,I28)) | T28: =IF(J28<>"H","",INDEX(Transaksi!$A$2:$A$2001,MATCH(S28,Transaksi!$M$2:$M$2001,0)))
A29: =IF(J29="E",IF(INDEX(Transaksi!$J$2:$J$2001,K29)>0,"↑","↓"),"") | B29: =IF(J29="H",CHOOSE(WEEKDAY(T29,2),"Isnin","Selasa","Rabu","Khamis","Jumaat","Sabtu","Ahad")&", "&DAY(T29)&" "&CHOOSE(MONTH(T29),"Jan","Feb","Mac","Apr","Mei","Jun","Jul","Ogo","Sep","Okt","Nov","Dis")&" "&YEAR(T29),IF(J29="E",IF(INDEX(Transaksi!$B$2:$B$2001,K29)="",INDEX(Transaksi!$C$2:$C$2001,K29)&" · "&INDEX(Transaksi!$D$2:$D$2001,K29),INDEX(Transaksi!$B$2:$B$2001,K29)),"")) | C29: =IF(J29="E",INDEX(Transaksi!$C$2:$C$2001,K29)&"","") | D29: =IF(J29="E",INDEX(Transaksi!$D$2:$D$2001,K29)&"","") | E29: =IF(J29="H",SUMIFS(Transaksi!$G$2:$G$2001,Transaksi!$M$2:$M$2001,"="&S29)+SUMIFS(Transaksi!$H$2:$H$2001,Transaksi!$M$2:$M$2001,"="&S29)+SUMIFS(Transaksi!$I$2:$I$2001,Transaksi!$M$2:$M$2001,"="&S29),IF(J29="E",IF(INDEX(Transaksi!$G$2:$G$2001,K29)+INDEX(Transaksi!$H$2:$H$2001,K29)+INDEX(Transaksi!$I$2:$I$2001,K29)=0,"",INDEX(Transaksi!$G$2:$G$2001,K29)+INDEX(Transaksi!$H$2:$H$2001,K29)+INDEX(Transaksi!$I$2:$I$2001,K29)),"")) | F29: =IF(J29="H",SUMIFS(Transaksi!$J$2:$J$2001,Transaksi!$M$2:$M$2001,"="&S29),IF(J29="E",IF(INDEX(Transaksi!$J$2:$J$2001,K29)=0,"",INDEX(Transaksi!$J$2:$J$2001,K29)),"")) | G29: =IF(J29="H",(SUMIFS(Transaksi!$G$2:$G$2001,Transaksi!$M$2:$M$2001,"<="&S29)+SUMIFS(Transaksi!$H$2:$H$2001,Transaksi!$M$2:$M$2001,"<="&S29)+SUMIFS(Transaksi!$I$2:$I$2001,Transaksi!$M$2:$M$2001,"<="&S29))-(SUMIFS(Transaksi!$J$2:$J$2001,Transaksi!$M$2:$M$2001,"<="&S29)),"") | I29: =IF(26>$O$2,"",MATCH(26,$Q$3:$Q$402,1)) | J29: =IF(I29="","",IF(26=INDEX($Q$3:$Q$402,I29),"H","E")) | K29: =IF(J29<>"E","",MATCH(S29,Transaksi!$M$2:$M$2001,0)+26-INDEX($Q$3:$Q$402,I29)-1) | N29: 27 | O29: =IF(N29<=$O$1,$O$1-N29+1,"") | P29: =IF(O29="",0,COUNTIF(Transaksi!$M$2:$M$2001,O29)+1) | Q29: =1+SUM(P$2:P28) | S29: =IF(I29="","",INDEX($O$3:$O$402,I29)) | T29: =IF(J29<>"H","",INDEX(Transaksi!$A$2:$A$2001,MATCH(S29,Transaksi!$M$2:$M$2001,0)))
A30: =IF(J30="E",IF(INDEX(Transaksi!$J$2:$J$2001,K30)>0,"↑","↓"),"") | B30: =IF(J30="H",CHOOSE(WEEKDAY(T30,2),"Isnin","Selasa","Rabu","Khamis","Jumaat","Sabtu","Ahad")&", "&DAY(T30)&" "&CHOOSE(MONTH(T30),"Jan","Feb","Mac","Apr","Mei","Jun","Jul","Ogo","Sep","Okt","Nov","Dis")&" "&YEAR(T30),IF(J30="E",IF(INDEX(Transaksi!$B$2:$B$2001,K30)="",INDEX(Transaksi!$C$2:$C$2001,K30)&" · "&INDEX(Transaksi!$D$2:$D$2001,K30),INDEX(Transaksi!$B$2:$B$2001,K30)),"")) | C30: =IF(J30="E",INDEX(Transaksi!$C$2:$C$2001,K30)&"","") | D30: =IF(J30="E",INDEX(Transaksi!$D$2:$D$2001,K30)&"","") | E30: =IF(J30="H",SUMIFS(Transaksi!$G$2:$G$2001,Transaksi!$M$2:$M$2001,"="&S30)+SUMIFS(Transaksi!$H$2:$H$2001,Transaksi!$M$2:$M$2001,"="&S30)+SUMIFS(Transaksi!$I$2:$I$2001,Transaksi!$M$2:$M$2001,"="&S30),IF(J30="E",IF(INDEX(Transaksi!$G$2:$G$2001,K30)+INDEX(Transaksi!$H$2:$H$2001,K30)+INDEX(Transaksi!$I$2:$I$2001,K30)=0,"",INDEX(Transaksi!$G$2:$G$2001,K30)+INDEX(Transaksi!$H$2:$H$2001,K30)+INDEX(Transaksi!$I$2:$I$2001,K30)),"")) | F30: =IF(J30="H",SUMIFS(Transaksi!$J$2:$J$2001,Transaksi!$M$2:$M$2001,"="&S30),IF(J30="E",IF(INDEX(Transaksi!$J$2:$J$2001,K30)=0,"",INDEX(Transaksi!$J$2:$J$2001,K30)),"")) | G30: =IF(J30="H",(SUMIFS(Transaksi!$G$2:$G$2001,Transaksi!$M$2:$M$2001,"<="&S30)+SUMIFS(Transaksi!$H$2:$H$2001,Transaksi!$M$2:$M$2001,"<="&S30)+SUMIFS(Transaksi!$I$2:$I$2001,Transaksi!$M$2:$M$2001,"<="&S30))-(SUMIFS(Transaksi!$J$2:$J$2001,Transaksi!$M$2:$M$2001,"<="&S30)),"") | I30: =IF(27>$O$2,"",MATCH(27,$Q$3:$Q$402,1)) | J30: =IF(I30="","",IF(27=INDEX($Q$3:$Q$402,I30),"H","E")) | K30: =IF(J30<>"E","",MATCH(S30,Transaksi!$M$2:$M$2001,0)+27-INDEX($Q$3:$Q$402,I30)-1) | N30: 28 | O30: =IF(N30<=$O$1,$O$1-N30+1,"") | P30: =IF(O30="",0,COUNTIF(Transaksi!$M$2:$M$2001,O30)+1) | Q30: =1+SUM(P$2:P29) | S30: =IF(I30="","",INDEX($O$3:$O$402,I30)) | T30: =IF(J30<>"H","",INDEX(Transaksi!$A$2:$A$2001,MATCH(S30,Transaksi!$M$2:$M$2001,0)))
A31: =IF(J31="E",IF(INDEX(Transaksi!$J$2:$J$2001,K31)>0,"↑","↓"),"") | B31: =IF(J31="H",CHOOSE(WEEKDAY(T31,2),"Isnin","Selasa","Rabu","Khamis","Jumaat","Sabtu","Ahad")&", "&DAY(T31)&" "&CHOOSE(MONTH(T31),"Jan","Feb","Mac","Apr","Mei","Jun","Jul","Ogo","Sep","Okt","Nov","Dis")&" "&YEAR(T31),IF(J31="E",IF(INDEX(Transaksi!$B$2:$B$2001,K31)="",INDEX(Transaksi!$C$2:$C$2001,K31)&" · "&INDEX(Transaksi!$D$2:$D$2001,K31),INDEX(Transaksi!$B$2:$B$2001,K31)),"")) | C31: =IF(J31="E",INDEX(Transaksi!$C$2:$C$2001,K31)&"","") | D31: =IF(J31="E",INDEX(Transaksi!$D$2:$D$2001,K31)&"","") | E31: =IF(J31="H",SUMIFS(Transaksi!$G$2:$G$2001,Transaksi!$M$2:$M$2001,"="&S31)+SUMIFS(Transaksi!$H$2:$H$2001,Transaksi!$M$2:$M$2001,"="&S31)+SUMIFS(Transaksi!$I$2:$I$2001,Transaksi!$M$2:$M$2001,"="&S31),IF(J31="E",IF(INDEX(Transaksi!$G$2:$G$2001,K31)+INDEX(Transaksi!$H$2:$H$2001,K31)+INDEX(Transaksi!$I$2:$I$2001,K31)=0,"",INDEX(Transaksi!$G$2:$G$2001,K31)+INDEX(Transaksi!$H$2:$H$2001,K31)+INDEX(Transaksi!$I$2:$I$2001,K31)),"")) | F31: =IF(J31="H",SUMIFS(Transaksi!$J$2:$J$2001,Transaksi!$M$2:$M$2001,"="&S31),IF(J31="E",IF(INDEX(Transaksi!$J$2:$J$2001,K31)=0,"",INDEX(Transaksi!$J$2:$J$2001,K31)),"")) | G31: =IF(J31="H",(SUMIFS(Transaksi!$G$2:$G$2001,Transaksi!$M$2:$M$2001,"<="&S31)+SUMIFS(Transaksi!$H$2:$H$2001,Transaksi!$M$2:$M$2001,"<="&S31)+SUMIFS(Transaksi!$I$2:$I$2001,Transaksi!$M$2:$M$2001,"<="&S31))-(SUMIFS(Transaksi!$J$2:$J$2001,Transaksi!$M$2:$M$2001,"<="&S31)),"") | I31: =IF(28>$O$2,"",MATCH(28,$Q$3:$Q$402,1)) | J31: =IF(I31="","",IF(28=INDEX($Q$3:$Q$402,I31),"H","E")) | K31: =IF(J31<>"E","",MATCH(S31,Transaksi!$M$2:$M$2001,0)+28-INDEX($Q$3:$Q$402,I31)-1) | N31: 29 | O31: =IF(N31<=$O$1,$O$1-N31+1,"") | P31: =IF(O31="",0,COUNTIF(Transaksi!$M$2:$M$2001,O31)+1) | Q31: =1+SUM(P$2:P30) | S31: =IF(I31="","",INDEX($O$3:$O$402,I31)) | T31: =IF(J31<>"H","",INDEX(Transaksi!$A$2:$A$2001,MATCH(S31,Transaksi!$M$2:$M$2001,0)))
A32: =IF(J32="E",IF(INDEX(Transaksi!$J$2:$J$2001,K32)>0,"↑","↓"),"") | B32: =IF(J32="H",CHOOSE(WEEKDAY(T32,2),"Isnin","Selasa","Rabu","Khamis","Jumaat","Sabtu","Ahad")&", "&DAY(T32)&" "&CHOOSE(MONTH(T32),"Jan","Feb","Mac","Apr","Mei","Jun","Jul","Ogo","Sep","Okt","Nov","Dis")&" "&YEAR(T32),IF(J32="E",IF(INDEX(Transaksi!$B$2:$B$2001,K32)="",INDEX(Transaksi!$C$2:$C$2001,K32)&" · "&INDEX(Transaksi!$D$2:$D$2001,K32),INDEX(Transaksi!$B$2:$B$2001,K32)),"")) | C32: =IF(J32="E",INDEX(Transaksi!$C$2:$C$2001,K32)&"","") | D32: =IF(J32="E",INDEX(Transaksi!$D$2:$D$2001,K32)&"","") | E32: =IF(J32="H",SUMIFS(Transaksi!$G$2:$G$2001,Transaksi!$M$2:$M$2001,"="&S32)+SUMIFS(Transaksi!$H$2:$H$2001,Transaksi!$M$2:$M$2001,"="&S32)+SUMIFS(Transaksi!$I$2:$I$2001,Transaksi!$M$2:$M$2001,"="&S32),IF(J32="E",IF(INDEX(Transaksi!$G$2:$G$2001,K32)+INDEX(Transaksi!$H$2:$H$2001,K32)+INDEX(Transaksi!$I$2:$I$2001,K32)=0,"",INDEX(Transaksi!$G$2:$G$2001,K32)+INDEX(Transaksi!$H$2:$H$2001,K32)+INDEX(Transaksi!$I$2:$I$2001,K32)),"")) | F32: =IF(J32="H",SUMIFS(Transaksi!$J$2:$J$2001,Transaksi!$M$2:$M$2001,"="&S32),IF(J32="E",IF(INDEX(Transaksi!$J$2:$J$2001,K32)=0,"",INDEX(Transaksi!$J$2:$J$2001,K32)),"")) | G32: =IF(J32="H",(SUMIFS(Transaksi!$G$2:$G$2001,Transaksi!$M$2:$M$2001,"<="&S32)+SUMIFS(Transaksi!$H$2:$H$2001,Transaksi!$M$2:$M$2001,"<="&S32)+SUMIFS(Transaksi!$I$2:$I$2001,Transaksi!$M$2:$M$2001,"<="&S32))-(SUMIFS(Transaksi!$J$2:$J$2001,Transaksi!$M$2:$M$2001,"<="&S32)),"") | I32: =IF(29>$O$2,"",MATCH(29,$Q$3:$Q$402,1)) | J32: =IF(I32="","",IF(29=INDEX($Q$3:$Q$402,I32),"H","E")) | K32: =IF(J32<>"E","",MATCH(S32,Transaksi!$M$2:$M$2001,0)+29-INDEX($Q$3:$Q$402,I32)-1) | N32: 30 | O32: =IF(N32<=$O$1,$O$1-N32+1,"") | P32: =IF(O32="",0,COUNTIF(Transaksi!$M$2:$M$2001,O32)+1) | Q32: =1+SUM(P$2:P31) | S32: =IF(I32="","",INDEX($O$3:$O$402,I32)) | T32: =IF(J32<>"H","",INDEX(Transaksi!$A$2:$A$2001,MATCH(S32,Transaksi!$M$2:$M$2001,0)))
A33: =IF(J33="E",IF(INDEX(Transaksi!$J$2:$J$2001,K33)>0,"↑","↓"),"") | B33: =IF(J33="H",CHOOSE(WEEKDAY(T33,2),"Isnin","Selasa","Rabu","Khamis","Jumaat","Sabtu","Ahad")&", "&DAY(T33)&" "&CHOOSE(MONTH(T33),"Jan","Feb","Mac","Apr","Mei","Jun","Jul","Ogo","Sep","Okt","Nov","Dis")&" "&YEAR(T33),IF(J33="E",IF(INDEX(Transaksi!$B$2:$B$2001,K33)="",INDEX(Transaksi!$C$2:$C$2001,K33)&" · "&INDEX(Transaksi!$D$2:$D$2001,K33),INDEX(Transaksi!$B$2:$B$2001,K33)),"")) | C33: =IF(J33="E",INDEX(Transaksi!$C$2:$C$2001,K33)&"","") | D33: =IF(J33="E",INDEX(Transaksi!$D$2:$D$2001,K33)&"","") | E33: =IF(J33="H",SUMIFS(Transaksi!$G$2:$G$2001,Transaksi!$M$2:$M$2001,"="&S33)+SUMIFS(Transaksi!$H$2:$H$2001,Transaksi!$M$2:$M$2001,"="&S33)+SUMIFS(Transaksi!$I$2:$I$2001,Transaksi!$M$2:$M$2001,"="&S33),IF(J33="E",IF(INDEX(Transaksi!$G$2:$G$2001,K33)+INDEX(Transaksi!$H$2:$H$2001,K33)+INDEX(Transaksi!$I$2:$I$2001,K33)=0,"",INDEX(Transaksi!$G$2:$G$2001,K33)+INDEX(Transaksi!$H$2:$H$2001,K33)+INDEX(Transaksi!$I$2:$I$2001,K33)),"")) | F33: =IF(J33="H",SUMIFS(Transaksi!$J$2:$J$2001,Transaksi!$M$2:$M$2001,"="&S33),IF(J33="E",IF(INDEX(Transaksi!$J$2:$J$2001,K33)=0,"",INDEX(Transaksi!$J$2:$J$2001,K33)),"")) | G33: =IF(J33="H",(SUMIFS(Transaksi!$G$2:$G$2001,Transaksi!$M$2:$M$2001,"<="&S33)+SUMIFS(Transaksi!$H$2:$H$2001,Transaksi!$M$2:$M$2001,"<="&S33)+SUMIFS(Transaksi!$I$2:$I$2001,Transaksi!$M$2:$M$2001,"<="&S33))-(SUMIFS(Transaksi!$J$2:$J$2001,Transaksi!$M$2:$M$2001,"<="&S33)),"") | I33: =IF(30>$O$2,"",MATCH(30,$Q$3:$Q$402,1)) | J33: =IF(I33="","",IF(30=INDEX($Q$3:$Q$402,I33),"H","E")) | K33: =IF(J33<>"E","",MATCH(S33,Transaksi!$M$2:$M$2001,0)+30-INDEX($Q$3:$Q$402,I33)-1) | N33: 31 | O33: =IF(N33<=$O$1,$O$1-N33+1,"") | P33: =IF(O33="",0,COUNTIF(Transaksi!$M$2:$M$2001,O33)+1) | Q33: =1+SUM(P$2:P32) | S33: =IF(I33="","",INDEX($O$3:$O$402,I33)) | T33: =IF(J33<>"H","",INDEX(Transaksi!$A$2:$A$2001,MATCH(S33,Transaksi!$M$2:$M$2001,0)))
A34: =IF(J34="E",IF(INDEX(Transaksi!$J$2:$J$2001,K34)>0,"↑","↓"),"") | B34: =IF(J34="H",CHOOSE(WEEKDAY(T34,2),"Isnin","Selasa","Rabu","Khamis","Jumaat","Sabtu","Ahad")&", "&DAY(T34)&" "&CHOOSE(MONTH(T34),"Jan","Feb","Mac","Apr","Mei","Jun","Jul","Ogo","Sep","Okt","Nov","Dis")&" "&YEAR(T34),IF(J34="E",IF(INDEX(Transaksi!$B$2:$B$2001,K34)="",INDEX(Transaksi!$C$2:$C$2001,K34)&" · "&INDEX(Transaksi!$D$2:$D$2001,K34),INDEX(Transaksi!$B$2:$B$2001,K34)),"")) | C34: =IF(J34="E",INDEX(Transaksi!$C$2:$C$2001,K34)&"","") | D34: =IF(J34="E",INDEX(Transaksi!$D$2:$D$2001,K34)&"","") | E34: =IF(J34="H",SUMIFS(Transaksi!$G$2:$G$2001,Transaksi!$M$2:$M$2001,"="&S34)+SUMIFS(Transaksi!$H$2:$H$2001,Transaksi!$M$2:$M$2001,"="&S34)+SUMIFS(Transaksi!$I$2:$I$2001,Transaksi!$M$2:$M$2001,"="&S34),IF(J34="E",IF(INDEX(Transaksi!$G$2:$G$2001,K34)+INDEX(Transaksi!$H$2:$H$2001,K34)+INDEX(Transaksi!$I$2:$I$2001,K34)=0,"",INDEX(Transaksi!$G$2:$G$2001,K34)+INDEX(Transaksi!$H$2:$H$2001,K34)+INDEX(Transaksi!$I$2:$I$2001,K34)),"")) | F34: =IF(J34="H",SUMIFS(Transaksi!$J$2:$J$2001,Transaksi!$M$2:$M$2001,"="&S34),IF(J34="E",IF(INDEX(Transaksi!$J$2:$J$2001,K34)=0,"",INDEX(Transaksi!$J$2:$J$2001,K34)),"")) | G34: =IF(J34="H",(SUMIFS(Transaksi!$G$2:$G$2001,Transaksi!$M$2:$M$2001,"<="&S34)+SUMIFS(Transaksi!$H$2:$H$2001,Transaksi!$M$2:$M$2001,"<="&S34)+SUMIFS(Transaksi!$I$2:$I$2001,Transaksi!$M$2:$M$2001,"<="&S34))-(SUMIFS(Transaksi!$J$2:$J$2001,Transaksi!$M$2:$M$2001,"<="&S34)),"") | I34: =IF(31>$O$2,"",MATCH(31,$Q$3:$Q$402,1)) | J34: =IF(I34="","",IF(31=INDEX($Q$3:$Q$402,I34),"H","E")) | K34: =IF(J34<>"E","",MATCH(S34,Transaksi!$M$2:$M$2001,0)+31-INDEX($Q$3:$Q$402,I34)-1) | N34: 32 | O34: =IF(N34<=$O$1,$O$1-N34+1,"") | P34: =IF(O34="",0,COUNTIF(Transaksi!$M$2:$M$2001,O34)+1) | Q34: =1+SUM(P$2:P33) | S34: =IF(I34="","",INDEX($O$3:$O$402,I34)) | T34: =IF(J34<>"H","",INDEX(Transaksi!$A$2:$A$2001,MATCH(S34,Transaksi!$M$2:$M$2001,0)))
A35: =IF(J35="E",IF(INDEX(Transaksi!$J$2:$J$2001,K35)>0,"↑","↓"),"") | B35: =IF(J35="H",CHOOSE(WEEKDAY(T35,2),"Isnin","Selasa","Rabu","Khamis","Jumaat","Sabtu","Ahad")&", "&DAY(T35)&" "&CHOOSE(MONTH(T35),"Jan","Feb","Mac","Apr","Mei","Jun","Jul","Ogo","Sep","Okt","Nov","Dis")&" "&YEAR(T35),IF(J35="E",IF(INDEX(Transaksi!$B$2:$B$2001,K35)="",INDEX(Transaksi!$C$2:$C$2001,K35)&" · "&INDEX(Transaksi!$D$2:$D$2001,K35),INDEX(Transaksi!$B$2:$B$2001,K35)),"")) | C35: =IF(J35="E",INDEX(Transaksi!$C$2:$C$2001,K35)&"","") | D35: =IF(J35="E",INDEX(Transaksi!$D$2:$D$2001,K35)&"","") | E35: =IF(J35="H",SUMIFS(Transaksi!$G$2:$G$2001,Transaksi!$M$2:$M$2001,"="&S35)+SUMIFS(Transaksi!$H$2:$H$2001,Transaksi!$M$2:$M$2001,"="&S35)+SUMIFS(Transaksi!$I$2:$I$2001,Transaksi!$M$2:$M$2001,"="&S35),IF(J35="E",IF(INDEX(Transaksi!$G$2:$G$2001,K35)+INDEX(Transaksi!$H$2:$H$2001,K35)+INDEX(Transaksi!$I$2:$I$2001,K35)=0,"",INDEX(Transaksi!$G$2:$G$2001,K35)+INDEX(Transaksi!$H$2:$H$2001,K35)+INDEX(Transaksi!$I$2:$I$2001,K35)),"")) | F35: =IF(J35="H",SUMIFS(Transaksi!$J$2:$J$2001,Transaksi!$M$2:$M$2001,"="&S35),IF(J35="E",IF(INDEX(Transaksi!$J$2:$J$2001,K35)=0,"",INDEX(Transaksi!$J$2:$J$2001,K35)),"")) | G35: =IF(J35="H",(SUMIFS(Transaksi!$G$2:$G$2001,Transaksi!$M$2:$M$2001,"<="&S35)+SUMIFS(Transaksi!$H$2:$H$2001,Transaksi!$M$2:$M$2001,"<="&S35)+SUMIFS(Transaksi!$I$2:$I$2001,Transaksi!$M$2:$M$2001,"<="&S35))-(SUMIFS(Transaksi!$J$2:$J$2001,Transaksi!$M$2:$M$2001,"<="&S35)),"") | I35: =IF(32>$O$2,"",MATCH(32,$Q$3:$Q$402,1)) | J35: =IF(I35="","",IF(32=INDEX($Q$3:$Q$402,I35),"H","E")) | K35: =IF(J35<>"E","",MATCH(S35,Transaksi!$M$2:$M$2001,0)+32-INDEX($Q$3:$Q$402,I35)-1) | N35: 33 | O35: =IF(N35<=$O$1,$O$1-N35+1,"") | P35: =IF(O35="",0,COUNTIF(Transaksi!$M$2:$M$2001,O35)+1) | Q35: =1+SUM(P$2:P34) | S35: =IF(I35="","",INDEX($O$3:$O$402,I35)) | T35: =IF(J35<>"H","",INDEX(Transaksi!$A$2:$A$2001,MATCH(S35,Transaksi!$M$2:$M$2001,0)))
A36: =IF(J36="E",IF(INDEX(Transaksi!$J$2:$J$2001,K36)>0,"↑","↓"),"") | B36: =IF(J36="H",CHOOSE(WEEKDAY(T36,2),"Isnin","Selasa","Rabu","Khamis","Jumaat","Sabtu","Ahad")&", "&DAY(T36)&" "&CHOOSE(MONTH(T36),"Jan","Feb","Mac","Apr","Mei","Jun","Jul","Ogo","Sep","Okt","Nov","Dis")&" "&YEAR(T36),IF(J36="E",IF(INDEX(Transaksi!$B$2:$B$2001,K36)="",INDEX(Transaksi!$C$2:$C$2001,K36)&" · "&INDEX(Transaksi!$D$2:$D$2001,K36),INDEX(Transaksi!$B$2:$B$2001,K36)),"")) | C36: =IF(J36="E",INDEX(Transaksi!$C$2:$C$2001,K36)&"","") | D36: =IF(J36="E",INDEX(Transaksi!$D$2:$D$2001,K36)&"","") | E36: =IF(J36="H",SUMIFS(Transaksi!$G$2:$G$2001,Transaksi!$M$2:$M$2001,"="&S36)+SUMIFS(Transaksi!$H$2:$H$2001,Transaksi!$M$2:$M$2001,"="&S36)+SUMIFS(Transaksi!$I$2:$I$2001,Transaksi!$M$2:$M$2001,"="&S36),IF(J36="E",IF(INDEX(Transaksi!$G$2:$G$2001,K36)+INDEX(Transaksi!$H$2:$H$2001,K36)+INDEX(Transaksi!$I$2:$I$2001,K36)=0,"",INDEX(Transaksi!$G$2:$G$2001,K36)+INDEX(Transaksi!$H$2:$H$2001,K36)+INDEX(Transaksi!$I$2:$I$2001,K36)),"")) | F36: =IF(J36="H",SUMIFS(Transaksi!$J$2:$J$2001,Transaksi!$M$2:$M$2001,"="&S36),IF(J36="E",IF(INDEX(Transaksi!$J$2:$J$2001,K36)=0,"",INDEX(Transaksi!$J$2:$J$2001,K36)),"")) | G36: =IF(J36="H",(SUMIFS(Transaksi!$G$2:$G$2001,Transaksi!$M$2:$M$2001,"<="&S36)+SUMIFS(Transaksi!$H$2:$H$2001,Transaksi!$M$2:$M$2001,"<="&S36)+SUMIFS(Transaksi!$I$2:$I$2001,Transaksi!$M$2:$M$2001,"<="&S36))-(SUMIFS(Transaksi!$J$2:$J$2001,Transaksi!$M$2:$M$2001,"<="&S36)),"") | I36: =IF(33>$O$2,"",MATCH(33,$Q$3:$Q$402,1)) | J36: =IF(I36="","",IF(33=INDEX($Q$3:$Q$402,I36),"H","E")) | K36: =IF(J36<>"E","",MATCH(S36,Transaksi!$M$2:$M$2001,0)+33-INDEX($Q$3:$Q$402,I36)-1) | N36: 34 | O36: =IF(N36<=$O$1,$O$1-N36+1,"") | P36: =IF(O36="",0,COUNTIF(Transaksi!$M$2:$M$2001,O36)+1) | Q36: =1+SUM(P$2:P35) | S36: =IF(I36="","",INDEX($O$3:$O$402,I36)) | T36: =IF(J36<>"H","",INDEX(Transaksi!$A$2:$A$2001,MATCH(S36,Transaksi!$M$2:$M$2001,0)))
A37: =IF(J37="E",IF(INDEX(Transaksi!$J$2:$J$2001,K37)>0,"↑","↓"),"") | B37: =IF(J37="H",CHOOSE(WEEKDAY(T37,2),"Isnin","Selasa","Rabu","Khamis","Jumaat","Sabtu","Ahad")&", "&DAY(T37)&" "&CHOOSE(MONTH(T37),"Jan","Feb","Mac","Apr","Mei","Jun","Jul","Ogo","Sep","Okt","Nov","Dis")&" "&YEAR(T37),IF(J37="E",IF(INDEX(Transaksi!$B$2:$B$2001,K37)="",INDEX(Transaksi!$C$2:$C$2001,K37)&" · "&INDEX(Transaksi!$D$2:$D$2001,K37),INDEX(Transaksi!$B$2:$B$2001,K37)),"")) | C37: =IF(J37="E",INDEX(Transaksi!$C$2:$C$2001,K37)&"","") | D37: =IF(J37="E",INDEX(Transaksi!$D$2:$D$2001,K37)&"","") | E37: =IF(J37="H",SUMIFS(Transaksi!$G$2:$G$2001,Transaksi!$M$2:$M$2001,"="&S37)+SUMIFS(Transaksi!$H$2:$H$2001,Transaksi!$M$2:$M$2001,"="&S37)+SUMIFS(Transaksi!$I$2:$I$2001,Transaksi!$M$2:$M$2001,"="&S37),IF(J37="E",IF(INDEX(Transaksi!$G$2:$G$2001,K37)+INDEX(Transaksi!$H$2:$H$2001,K37)+INDEX(Transaksi!$I$2:$I$2001,K37)=0,"",INDEX(Transaksi!$G$2:$G$2001,K37)+INDEX(Transaksi!$H$2:$H$2001,K37)+INDEX(Transaksi!$I$2:$I$2001,K37)),"")) | F37: =IF(J37="H",SUMIFS(Transaksi!$J$2:$J$2001,Transaksi!$M$2:$M$2001,"="&S37),IF(J37="E",IF(INDEX(Transaksi!$J$2:$J$2001,K37)=0,"",INDEX(Transaksi!$J$2:$J$2001,K37)),"")) | G37: =IF(J37="H",(SUMIFS(Transaksi!$G$2:$G$2001,Transaksi!$M$2:$M$2001,"<="&S37)+SUMIFS(Transaksi!$H$2:$H$2001,Transaksi!$M$2:$M$2001,"<="&S37)+SUMIFS(Transaksi!$I$2:$I$2001,Transaksi!$M$2:$M$2001,"<="&S37))-(SUMIFS(Transaksi!$J$2:$J$2001,Transaksi!$M$2:$M$2001,"<="&S37)),"") | I37: =IF(34>$O$2,"",MATCH(34,$Q$3:$Q$402,1)) | J37: =IF(I37="","",IF(34=INDEX($Q$3:$Q$402,I37),"H","E")) | K37: =IF(J37<>"E","",MATCH(S37,Transaksi!$M$2:$M$2001,0)+34-INDEX($Q$3:$Q$402,I37)-1) | N37: 35 | O37: =IF(N37<=$O$1,$O$1-N37+1,"") | P37: =IF(O37="",0,COUNTIF(Transaksi!$M$2:$M$2001,O37)+1) | Q37: =1+SUM(P$2:P36) | S37: =IF(I37="","",INDEX($O$3:$O$402,I37)) | T37: =IF(J37<>"H","",INDEX(Transaksi!$A$2:$A$2001,MATCH(S37,Transaksi!$M$2:$M$2001,0)))
A38: =IF(J38="E",IF(INDEX(Transaksi!$J$2:$J$2001,K38)>0,"↑","↓"),"") | B38: =IF(J38="H",CHOOSE(WEEKDAY(T38,2),"Isnin","Selasa","Rabu","Khamis","Jumaat","Sabtu","Ahad")&", "&DAY(T38)&" "&CHOOSE(MONTH(T38),"Jan","Feb","Mac","Apr","Mei","Jun","Jul","Ogo","Sep","Okt","Nov","Dis")&" "&YEAR(T38),IF(J38="E",IF(INDEX(Transaksi!$B$2:$B$2001,K38)="",INDEX(Transaksi!$C$2:$C$2001,K38)&" · "&INDEX(Transaksi!$D$2:$D$2001,K38),INDEX(Transaksi!$B$2:$B$2001,K38)),"")) | C38: =IF(J38="E",INDEX(Transaksi!$C$2:$C$2001,K38)&"","") | D38: =IF(J38="E",INDEX(Transaksi!$D$2:$D$2001,K38)&"","") | E38: =IF(J38="H",SUMIFS(Transaksi!$G$2:$G$2001,Transaksi!$M$2:$M$2001,"="&S38)+SUMIFS(Transaksi!$H$2:$H$2001,Transaksi!$M$2:$M$2001,"="&S38)+SUMIFS(Transaksi!$I$2:$I$2001,Transaksi!$M$2:$M$2001,"="&S38),IF(J38="E",IF(INDEX(Transaksi!$G$2:$G$2001,K38)+INDEX(Transaksi!$H$2:$H$2001,K38)+INDEX(Transaksi!$I$2:$I$2001,K38)=0,"",INDEX(Transaksi!$G$2:$G$2001,K38)+INDEX(Transaksi!$H$2:$H$2001,K38)+INDEX(Transaksi!$I$2:$I$2001,K38)),"")) | F38: =IF(J38="H",SUMIFS(Transaksi!$J$2:$J$2001,Transaksi!$M$2:$M$2001,"="&S38),IF(J38="E",IF(INDEX(Transaksi!$J$2:$J$2001,K38)=0,"",INDEX(Transaksi!$J$2:$J$2001,K38)),"")) | G38: =IF(J38="H",(SUMIFS(Transaksi!$G$2:$G$2001,Transaksi!$M$2:$M$2001,"<="&S38)+SUMIFS(Transaksi!$H$2:$H$2001,Transaksi!$M$2:$M$2001,"<="&S38)+SUMIFS(Transaksi!$I$2:$I$2001,Transaksi!$M$2:$M$2001,"<="&S38))-(SUMIFS(Transaksi!$J$2:$J$2001,Transaksi!$M$2:$M$2001,"<="&S38)),"") | I38: =IF(35>$O$2,"",MATCH(35,$Q$3:$Q$402,1)) | J38: =IF(I38="","",IF(35=INDEX($Q$3:$Q$402,I38),"H","E")) | K38: =IF(J38<>"E","",MATCH(S38,Transaksi!$M$2:$M$2001,0)+35-INDEX($Q$3:$Q$402,I38)-1) | N38: 36 | O38: =IF(N38<=$O$1,$O$1-N38+1,"") | P38: =IF(O38="",0,COUNTIF(Transaksi!$M$2:$M$2001,O38)+1) | Q38: =1+SUM(P$2:P37) | S38: =IF(I38="","",INDEX($O$3:$O$402,I38)) | T38: =IF(J38<>"H","",INDEX(Transaksi!$A$2:$A$2001,MATCH(S38,Transaksi!$M$2:$M$2001,0)))
A39: =IF(J39="E",IF(INDEX(Transaksi!$J$2:$J$2001,K39)>0,"↑","↓"),"") | B39: =IF(J39="H",CHOOSE(WEEKDAY(T39,2),"Isnin","Selasa","Rabu","Khamis","Jumaat","Sabtu","Ahad")&", "&DAY(T39)&" "&CHOOSE(MONTH(T39),"Jan","Feb","Mac","Apr","Mei","Jun","Jul","Ogo","Sep","Okt","Nov","Dis")&" "&YEAR(T39),IF(J39="E",IF(INDEX(Transaksi!$B$2:$B$2001,K39)="",INDEX(Transaksi!$C$2:$C$2001,K39)&" · "&INDEX(Transaksi!$D$2:$D$2001,K39),INDEX(Transaksi!$B$2:$B$2001,K39)),"")) | C39: =IF(J39="E",INDEX(Transaksi!$C$2:$C$2001,K39)&"","") | D39: =IF(J39="E",INDEX(Transaksi!$D$2:$D$2001,K39)&"","") | E39: =IF(J39="H",SUMIFS(Transaksi!$G$2:$G$2001,Transaksi!$M$2:$M$2001,"="&S39)+SUMIFS(Transaksi!$H$2:$H$2001,Transaksi!$M$2:$M$2001,"="&S39)+SUMIFS(Transaksi!$I$2:$I$2001,Transaksi!$M$2:$M$2001,"="&S39),IF(J39="E",IF(INDEX(Transaksi!$G$2:$G$2001,K39)+INDEX(Transaksi!$H$2:$H$2001,K39)+INDEX(Transaksi!$I$2:$I$2001,K39)=0,"",INDEX(Transaksi!$G$2:$G$2001,K39)+INDEX(Transaksi!$H$2:$H$2001,K39)+INDEX(Transaksi!$I$2:$I$2001,K39)),"")) | F39: =IF(J39="H",SUMIFS(Transaksi!$J$2:$J$2001,Transaksi!$M$2:$M$2001,"="&S39),IF(J39="E",IF(INDEX(Transaksi!$J$2:$J$2001,K39)=0,"",INDEX(Transaksi!$J$2:$J$2001,K39)),"")) | G39: =IF(J39="H",(SUMIFS(Transaksi!$G$2:$G$2001,Transaksi!$M$2:$M$2001,"<="&S39)+SUMIFS(Transaksi!$H$2:$H$2001,Transaksi!$M$2:$M$2001,"<="&S39)+SUMIFS(Transaksi!$I$2:$I$2001,Transaksi!$M$2:$M$2001,"<="&S39))-(SUMIFS(Transaksi!$J$2:$J$2001,Transaksi!$M$2:$M$2001,"<="&S39)),"") | I39: =IF(36>$O$2,"",MATCH(36,$Q$3:$Q$402,1)) | J39: =IF(I39="","",IF(36=INDEX($Q$3:$Q$402,I39),"H","E")) | K39: =IF(J39<>"E","",MATCH(S39,Transaksi!$M$2:$M$2001,0)+36-INDEX($Q$3:$Q$402,I39)-1) | N39: 37 | O39: =IF(N39<=$O$1,$O$1-N39+1,"") | P39: =IF(O39="",0,COUNTIF(Transaksi!$M$2:$M$2001,O39)+1) | Q39: =1+SUM(P$2:P38) | S39: =IF(I39="","",INDEX($O$3:$O$402,I39)) | T39: =IF(J39<>"H","",INDEX(Transaksi!$A$2:$A$2001,MATCH(S39,Transaksi!$M$2:$M$2001,0)))
A40: =IF(J40="E",IF(INDEX(Transaksi!$J$2:$J$2001,K40)>0,"↑","↓"),"") | B40: =IF(J40="H",CHOOSE(WEEKDAY(T40,2),"Isnin","Selasa","Rabu","Khamis","Jumaat","Sabtu","Ahad")&", "&DAY(T40)&" "&CHOOSE(MONTH(T40),"Jan","Feb","Mac","Apr","Mei","Jun","Jul","Ogo","Sep","Okt","Nov","Dis")&" "&YEAR(T40),IF(J40="E",IF(INDEX(Transaksi!$B$2:$B$2001,K40)="",INDEX(Transaksi!$C$2:$C$2001,K40)&" · "&INDEX(Transaksi!$D$2:$D$2001,K40),INDEX(Transaksi!$B$2:$B$2001,K40)),"")) | C40: =IF(J40="E",INDEX(Transaksi!$C$2:$C$2001,K40)&"","") | D40: =IF(J40="E",INDEX(Transaksi!$D$2:$D$2001,K40)&"","") | E40: =IF(J40="H",SUMIFS(Transaksi!$G$2:$G$2001,Transaksi!$M$2:$M$2001,"="&S40)+SUMIFS(Transaksi!$H$2:$H$2001,Transaksi!$M$2:$M$2001,"="&S40)+SUMIFS(Transaksi!$I$2:$I$2001,Transaksi!$M$2:$M$2001,"="&S40),IF(J40="E",IF(INDEX(Transaksi!$G$2:$G$2001,K40)+INDEX(Transaksi!$H$2:$H$2001,K40)+INDEX(Transaksi!$I$2:$I$2001,K40)=0,"",INDEX(Transaksi!$G$2:$G$2001,K40)+INDEX(Transaksi!$H$2:$H$2001,K40)+INDEX(Transaksi!$I$2:$I$2001,K40)),"")) | F40: =IF(J40="H",SUMIFS(Transaksi!$J$2:$J$2001,Transaksi!$M$2:$M$2001,"="&S40),IF(J40="E",IF(INDEX(Transaksi!$J$2:$J$2001,K40)=0,"",INDEX(Transaksi!$J$2:$J$2001,K40)),"")) | G40: =IF(J40="H",(SUMIFS(Transaksi!$G$2:$G$2001,Transaksi!$M$2:$M$2001,"<="&S40)+SUMIFS(Transaksi!$H$2:$H$2001,Transaksi!$M$2:$M$2001,"<="&S40)+SUMIFS(Transaksi!$I$2:$I$2001,Transaksi!$M$2:$M$2001,"<="&S40))-(SUMIFS(Transaksi!$J$2:$J$2001,Transaksi!$M$2:$M$2001,"<="&S40)),"") | I40: =IF(37>$O$2,"",MATCH(37,$Q$3:$Q$402,1)) | J40: =IF(I40="","",IF(37=INDEX($Q$3:$Q$402,I40),"H","E")) | K40: =IF(J40<>"E","",MATCH(S40,Transaksi!$M$2:$M$2001,0)+37-INDEX($Q$3:$Q$402,I40)-1) | N40: 38 | O40: =IF(N40<=$O$1,$O$1-N40+1,"") | P40: =IF(O40="",0,COUNTIF(Transaksi!$M$2:$M$2001,O40)+1) | Q40: =1+SUM(P$2:P39) | S40: =IF(I40="","",INDEX($O$3:$O$402,I40)) | T40: =IF(J40<>"H","",INDEX(Transaksi!$A$2:$A$2001,MATCH(S40,Transaksi!$M$2:$M$2001,0)))
A41: =IF(J41="E",IF(INDEX(Transaksi!$J$2:$J$2001,K41)>0,"↑","↓"),"") | B41: =IF(J41="H",CHOOSE(WEEKDAY(T41,2),"Isnin","Selasa","Rabu","Khamis","Jumaat","Sabtu","Ahad")&", "&DAY(T41)&" "&CHOOSE(MONTH(T41),"Jan","Feb","Mac","Apr","Mei","Jun","Jul","Ogo","Sep","Okt","Nov","Dis")&" "&YEAR(T41),IF(J41="E",IF(INDEX(Transaksi!$B$2:$B$2001,K41)="",INDEX(Transaksi!$C$2:$C$2001,K41)&" · "&INDEX(Transaksi!$D$2:$D$2001,K41),INDEX(Transaksi!$B$2:$B$2001,K41)),"")) | C41: =IF(J41="E",INDEX(Transaksi!$C$2:$C$2001,K41)&"","") | D41: =IF(J41="E",INDEX(Transaksi!$D$2:$D$2001,K41)&"","") | E41: =IF(J41="H",SUMIFS(Transaksi!$G$2:$G$2001,Transaksi!$M$2:$M$2001,"="&S41)+SUMIFS(Transaksi!$H$2:$H$2001,Transaksi!$M$2:$M$2001,"="&S41)+SUMIFS(Transaksi!$I$2:$I$2001,Transaksi!$M$2:$M$2001,"="&S41),IF(J41="E",IF(INDEX(Transaksi!$G$2:$G$2001,K41)+INDEX(Transaksi!$H$2:$H$2001,K41)+INDEX(Transaksi!$I$2:$I$2001,K41)=0,"",INDEX(Transaksi!$G$2:$G$2001,K41)+INDEX(Transaksi!$H$2:$H$2001,K41)+INDEX(Transaksi!$I$2:$I$2001,K41)),"")) | F41: =IF(J41="H",SUMIFS(Transaksi!$J$2:$J$2001,Transaksi!$M$2:$M$2001,"="&S41),IF(J41="E",IF(INDEX(Transaksi!$J$2:$J$2001,K41)=0,"",INDEX(Transaksi!$J$2:$J$2001,K41)),"")) | G41: =IF(J41="H",(SUMIFS(Transaksi!$G$2:$G$2001,Transaksi!$M$2:$M$2001,"<="&S41)+SUMIFS(Transaksi!$H$2:$H$2001,Transaksi!$M$2:$M$2001,"<="&S41)+SUMIFS(Transaksi!$I$2:$I$2001,Transaksi!$M$2:$M$2001,"<="&S41))-(SUMIFS(Transaksi!$J$2:$J$2001,Transaksi!$M$2:$M$2001,"<="&S41)),"") | I41: =IF(38>$O$2,"",MATCH(38,$Q$3:$Q$402,1)) | J41: =IF(I41="","",IF(38=INDEX($Q$3:$Q$402,I41),"H","E")) | K41: =IF(J41<>"E","",MATCH(S41,Transaksi!$M$2:$M$2001,0)+38-INDEX($Q$3:$Q$402,I41)-1) | N41: 39 | O41: =IF(N41<=$O$1,$O$1-N41+1,"") | P41: =IF(O41="",0,COUNTIF(Transaksi!$M$2:$M$2001,O41)+1) | Q41: =1+SUM(P$2:P40) | S41: =IF(I41="","",INDEX($O$3:$O$402,I41)) | T41: =IF(J41<>"H","",INDEX(Transaksi!$A$2:$A$2001,MATCH(S41,Transaksi!$M$2:$M$2001,0)))
A42: =IF(J42="E",IF(INDEX(Transaksi!$J$2:$J$2001,K42)>0,"↑","↓"),"") | B42: =IF(J42="H",CHOOSE(WEEKDAY(T42,2),"Isnin","Selasa","Rabu","Khamis","Jumaat","Sabtu","Ahad")&", "&DAY(T42)&" "&CHOOSE(MONTH(T42),"Jan","Feb","Mac","Apr","Mei","Jun","Jul","Ogo","Sep","Okt","Nov","Dis")&" "&YEAR(T42),IF(J42="E",IF(INDEX(Transaksi!$B$2:$B$2001,K42)="",INDEX(Transaksi!$C$2:$C$2001,K42)&" · "&INDEX(Transaksi!$D$2:$D$2001,K42),INDEX(Transaksi!$B$2:$B$2001,K42)),"")) | C42: =IF(J42="E",INDEX(Transaksi!$C$2:$C$2001,K42)&"","") | D42: =IF(J42="E",INDEX(Transaksi!$D$2:$D$2001,K42)&"","") | E42: =IF(J42="H",SUMIFS(Transaksi!$G$2:$G$2001,Transaksi!$M$2:$M$2001,"="&S42)+SUMIFS(Transaksi!$H$2:$H$2001,Transaksi!$M$2:$M$2001,"="&S42)+SUMIFS(Transaksi!$I$2:$I$2001,Transaksi!$M$2:$M$2001,"="&S42),IF(J42="E",IF(INDEX(Transaksi!$G$2:$G$2001,K42)+INDEX(Transaksi!$H$2:$H$2001,K42)+INDEX(Transaksi!$I$2:$I$2001,K42)=0,"",INDEX(Transaksi!$G$2:$G$2001,K42)+INDEX(Transaksi!$H$2:$H$2001,K42)+INDEX(Transaksi!$I$2:$I$2001,K42)),"")) | F42: =IF(J42="H",SUMIFS(Transaksi!$J$2:$J$2001,Transaksi!$M$2:$M$2001,"="&S42),IF(J42="E",IF(INDEX(Transaksi!$J$2:$J$2001,K42)=0,"",INDEX(Transaksi!$J$2:$J$2001,K42)),"")) | G42: =IF(J42="H",(SUMIFS(Transaksi!$G$2:$G$2001,Transaksi!$M$2:$M$2001,"<="&S42)+SUMIFS(Transaksi!$H$2:$H$2001,Transaksi!$M$2:$M$2001,"<="&S42)+SUMIFS(Transaksi!$I$2:$I$2001,Transaksi!$M$2:$M$2001,"<="&S42))-(SUMIFS(Transaksi!$J$2:$J$2001,Transaksi!$M$2:$M$2001,"<="&S42)),"") | I42: =IF(39>$O$2,"",MATCH(39,$Q$3:$Q$402,1)) | J42: =IF(I42="","",IF(39=INDEX($Q$3:$Q$402,I42),"H","E")) | K42: =IF(J42<>"E","",MATCH(S42,Transaksi!$M$2:$M$2001,0)+39-INDEX($Q$3:$Q$402,I42)-1) | N42: 40 | O42: =IF(N42<=$O$1,$O$1-N42+1,"") | P42: =IF(O42="",0,COUNTIF(Transaksi!$M$2:$M$2001,O42)+1) | Q42: =1+SUM(P$2:P41) | S42: =IF(I42="","",INDEX($O$3:$O$402,I42)) | T42: =IF(J42<>"H","",INDEX(Transaksi!$A$2:$A$2001,MATCH(S42,Transaksi!$M$2:$M$2001,0)))
A43: =IF(J43="E",IF(INDEX(Transaksi!$J$2:$J$2001,K43)>0,"↑","↓"),"") | B43: =IF(J43="H",CHOOSE(WEEKDAY(T43,2),"Isnin","Selasa","Rabu","Khamis","Jumaat","Sabtu","Ahad")&", "&DAY(T43)&" "&CHOOSE(MONTH(T43),"Jan","Feb","Mac","Apr","Mei","Jun","Jul","Ogo","Sep","Okt","Nov","Dis")&" "&YEAR(T43),IF(J43="E",IF(INDEX(Transaksi!$B$2:$B$2001,K43)="",INDEX(Transaksi!$C$2:$C$2001,K43)&" · "&INDEX(Transaksi!$D$2:$D$2001,K43),INDEX(Transaksi!$B$2:$B$2001,K43)),"")) | C43: =IF(J43="E",INDEX(Transaksi!$C$2:$C$2001,K43)&"","") | D43: =IF(J43="E",INDEX(Transaksi!$D$2:$D$2001,K43)&"","") | E43: =IF(J43="H",SUMIFS(Transaksi!$G$2:$G$2001,Transaksi!$M$2:$M$2001,"="&S43)+SUMIFS(Transaksi!$H$2:$H$2001,Transaksi!$M$2:$M$2001,"="&S43)+SUMIFS(Transaksi!$I$2:$I$2001,Transaksi!$M$2:$M$2001,"="&S43),IF(J43="E",IF(INDEX(Transaksi!$G$2:$G$2001,K43)+INDEX(Transaksi!$H$2:$H$2001,K43)+INDEX(Transaksi!$I$2:$I$2001,K43)=0,"",INDEX(Transaksi!$G$2:$G$2001,K43)+INDEX(Transaksi!$H$2:$H$2001,K43)+INDEX(Transaksi!$I$2:$I$2001,K43)),"")) | F43: =IF(J43="H",SUMIFS(Transaksi!$J$2:$J$2001,Transaksi!$M$2:$M$2001,"="&S43),IF(J43="E",IF(INDEX(Transaksi!$J$2:$J$2001,K43)=0,"",INDEX(Transaksi!$J$2:$J$2001,K43)),"")) | G43: =IF(J43="H",(SUMIFS(Transaksi!$G$2:$G$2001,Transaksi!$M$2:$M$2001,"<="&S43)+SUMIFS(Transaksi!$H$2:$H$2001,Transaksi!$M$2:$M$2001,"<="&S43)+SUMIFS(Transaksi!$I$2:$I$2001,Transaksi!$M$2:$M$2001,"<="&S43))-(SUMIFS(Transaksi!$J$2:$J$2001,Transaksi!$M$2:$M$2001,"<="&S43)),"") | I43: =IF(40>$O$2,"",MATCH(40,$Q$3:$Q$402,1)) | J43: =IF(I43="","",IF(40=INDEX($Q$3:$Q$402,I43),"H","E")) | K43: =IF(J43<>"E","",MATCH(S43,Transaksi!$M$2:$M$2001,0)+40-INDEX($Q$3:$Q$402,I43)-1) | N43: 41 | O43: =IF(N43<=$O$1,$O$1-N43+1,"") | P43: =IF(O43="",0,COUNTIF(Transaksi!$M$2:$M$2001,O43)+1) | Q43: =1+SUM(P$2:P42) | S43: =IF(I43="","",INDEX($O$3:$O$402,I43)) | T43: =IF(J43<>"H","",INDEX(Transaksi!$A$2:$A$2001,MATCH(S43,Transaksi!$M$2:$M$2001,0)))
A44: =IF(J44="E",IF(INDEX(Transaksi!$J$2:$J$2001,K44)>0,"↑","↓"),"") | B44: =IF(J44="H",CHOOSE(WEEKDAY(T44,2),"Isnin","Selasa","Rabu","Khamis","Jumaat","Sabtu","Ahad")&", "&DAY(T44)&" "&CHOOSE(MONTH(T44),"Jan","Feb","Mac","Apr","Mei","Jun","Jul","Ogo","Sep","Okt","Nov","Dis")&" "&YEAR(T44),IF(J44="E",IF(INDEX(Transaksi!$B$2:$B$2001,K44)="",INDEX(Transaksi!$C$2:$C$2001,K44)&" · "&INDEX(Transaksi!$D$2:$D$2001,K44),INDEX(Transaksi!$B$2:$B$2001,K44)),"")) | C44: =IF(J44="E",INDEX(Transaksi!$C$2:$C$2001,K44)&"","") | D44: =IF(J44="E",INDEX(Transaksi!$D$2:$D$2001,K44)&"","") | E44: =IF(J44="H",SUMIFS(Transaksi!$G$2:$G$2001,Transaksi!$M$2:$M$2001,"="&S44)+SUMIFS(Transaksi!$H$2:$H$2001,Transaksi!$M$2:$M$2001,"="&S44)+SUMIFS(Transaksi!$I$2:$I$2001,Transaksi!$M$2:$M$2001,"="&S44),IF(J44="E",IF(INDEX(Transaksi!$G$2:$G$2001,K44)+INDEX(Transaksi!$H$2:$H$2001,K44)+INDEX(Transaksi!$I$2:$I$2001,K44)=0,"",INDEX(Transaksi!$G$2:$G$2001,K44)+INDEX(Transaksi!$H$2:$H$2001,K44)+INDEX(Transaksi!$I$2:$I$2001,K44)),"")) | F44: =IF(J44="H",SUMIFS(Transaksi!$J$2:$J$2001,Transaksi!$M$2:$M$2001,"="&S44),IF(J44="E",IF(INDEX(Transaksi!$J$2:$J$2001,K44)=0,"",INDEX(Transaksi!$J$2:$J$2001,K44)),"")) | G44: =IF(J44="H",(SUMIFS(Transaksi!$G$2:$G$2001,Transaksi!$M$2:$M$2001,"<="&S44)+SUMIFS(Transaksi!$H$2:$H$2001,Transaksi!$M$2:$M$2001,"<="&S44)+SUMIFS(Transaksi!$I$2:$I$2001,Transaksi!$M$2:$M$2001,"<="&S44))-(SUMIFS(Transaksi!$J$2:$J$2001,Transaksi!$M$2:$M$2001,"<="&S44)),"") | I44: =IF(41>$O$2,"",MATCH(41,$Q$3:$Q$402,1)) | J44: =IF(I44="","",IF(41=INDEX($Q$3:$Q$402,I44),"H","E")) | K44: =IF(J44<>"E","",MATCH(S44,Transaksi!$M$2:$M$2001,0)+41-INDEX($Q$3:$Q$402,I44)-1) | N44: 42 | O44: =IF(N44<=$O$1,$O$1-N44+1,"") | P44: =IF(O44="",0,COUNTIF(Transaksi!$M$2:$M$2001,O44)+1) | Q44: =1+SUM(P$2:P43) | S44: =IF(I44="","",INDEX($O$3:$O$402,I44)) | T44: =IF(J44<>"H","",INDEX(Transaksi!$A$2:$A$2001,MATCH(S44,Transaksi!$M$2:$M$2001,0)))
A45: =IF(J45="E",IF(INDEX(Transaksi!$J$2:$J$2001,K45)>0,"↑","↓"),"") | B45: =IF(J45="H",CHOOSE(WEEKDAY(T45,2),"Isnin","Selasa","Rabu","Khamis","Jumaat","Sabtu","Ahad")&", "&DAY(T45)&" "&CHOOSE(MONTH(T45),"Jan","Feb","Mac","Apr","Mei","Jun","Jul","Ogo","Sep","Okt","Nov","Dis")&" "&YEAR(T45),IF(J45="E",IF(INDEX(Transaksi!$B$2:$B$2001,K45)="",INDEX(Transaksi!$C$2:$C$2001,K45)&" · "&INDEX(Transaksi!$D$2:$D$2001,K45),INDEX(Transaksi!$B$2:$B$2001,K45)),"")) | C45: =IF(J45="E",INDEX(Transaksi!$C$2:$C$2001,K45)&"","") | D45: =IF(J45="E",INDEX(Transaksi!$D$2:$D$2001,K45)&"","") | E45: =IF(J45="H",SUMIFS(Transaksi!$G$2:$G$2001,Transaksi!$M$2:$M$2001,"="&S45)+SUMIFS(Transaksi!$H$2:$H$2001,Transaksi!$M$2:$M$2001,"="&S45)+SUMIFS(Transaksi!$I$2:$I$2001,Transaksi!$M$2:$M$2001,"="&S45),IF(J45="E",IF(INDEX(Transaksi!$G$2:$G$2001,K45)+INDEX(Transaksi!$H$2:$H$2001,K45)+INDEX(Transaksi!$I$2:$I$2001,K45)=0,"",INDEX(Transaksi!$G$2:$G$2001,K45)+INDEX(Transaksi!$H$2:$H$2001,K45)+INDEX(Transaksi!$I$2:$I$2001,K45)),"")) | F45: =IF(J45="H",SUMIFS(Transaksi!$J$2:$J$2001,Transaksi!$M$2:$M$2001,"="&S45),IF(J45="E",IF(INDEX(Transaksi!$J$2:$J$2001,K45)=0,"",INDEX(Transaksi!$J$2:$J$2001,K45)),"")) | G45: =IF(J45="H",(SUMIFS(Transaksi!$G$2:$G$2001,Transaksi!$M$2:$M$2001,"<="&S45)+SUMIFS(Transaksi!$H$2:$H$2001,Transaksi!$M$2:$M$2001,"<="&S45)+SUMIFS(Transaksi!$I$2:$I$2001,Transaksi!$M$2:$M$2001,"<="&S45))-(SUMIFS(Transaksi!$J$2:$J$2001,Transaksi!$M$2:$M$2001,"<="&S45)),"") | I45: =IF(42>$O$2,"",MATCH(42,$Q$3:$Q$402,1)) | J45: =IF(I45="","",IF(42=INDEX($Q$3:$Q$402,I45),"H","E")) | K45: =IF(J45<>"E","",MATCH(S45,Transaksi!$M$2:$M$2001,0)+42-INDEX($Q$3:$Q$402,I45)-1) | N45: 43 | O45: =IF(N45<=$O$1,$O$1-N45+1,"") | P45: =IF(O45="",0,COUNTIF(Transaksi!$M$2:$M$2001,O45)+1) | Q45: =1+SUM(P$2:P44) | S45: =IF(I45="","",INDEX($O$3:$O$402,I45)) | T45: =IF(J45<>"H","",INDEX(Transaksi!$A$2:$A$2001,MATCH(S45,Transaksi!$M$2:$M$2001,0)))
A46: =IF(J46="E",IF(INDEX(Transaksi!$J$2:$J$2001,K46)>0,"↑","↓"),"") | B46: =IF(J46="H",CHOOSE(WEEKDAY(T46,2),"Isnin","Selasa","Rabu","Khamis","Jumaat","Sabtu","Ahad")&", "&DAY(T46)&" "&CHOOSE(MONTH(T46),"Jan","Feb","Mac","Apr","Mei","Jun","Jul","Ogo","Sep","Okt","Nov","Dis")&" "&YEAR(T46),IF(J46="E",IF(INDEX(Transaksi!$B$2:$B$2001,K46)="",INDEX(Transaksi!$C$2:$C$2001,K46)&" · "&INDEX(Transaksi!$D$2:$D$2001,K46),INDEX(Transaksi!$B$2:$B$2001,K46)),"")) | C46: =IF(J46="E",INDEX(Transaksi!$C$2:$C$2001,K46)&"","") | D46: =IF(J46="E",INDEX(Transaksi!$D$2:$D$2001,K46)&"","") | E46: =IF(J46="H",SUMIFS(Transaksi!$G$2:$G$2001,Transaksi!$M$2:$M$2001,"="&S46)+SUMIFS(Transaksi!$H$2:$H$2001,Transaksi!$M$2:$M$2001,"="&S46)+SUMIFS(Transaksi!$I$2:$I$2001,Transaksi!$M$2:$M$2001,"="&S46),IF(J46="E",IF(INDEX(Transaksi!$G$2:$G$2001,K46)+INDEX(Transaksi!$H$2:$H$2001,K46)+INDEX(Transaksi!$I$2:$I$2001,K46)=0,"",INDEX(Transaksi!$G$2:$G$2001,K46)+INDEX(Transaksi!$H$2:$H$2001,K46)+INDEX(Transaksi!$I$2:$I$2001,K46)),"")) | F46: =IF(J46="H",SUMIFS(Transaksi!$J$2:$J$2001,Transaksi!$M$2:$M$2001,"="&S46),IF(J46="E",IF(INDEX(Transaksi!$J$2:$J$2001,K46)=0,"",INDEX(Transaksi!$J$2:$J$2001,K46)),"")) | G46: =IF(J46="H",(SUMIFS(Transaksi!$G$2:$G$2001,Transaksi!$M$2:$M$2001,"<="&S46)+SUMIFS(Transaksi!$H$2:$H$2001,Transaksi!$M$2:$M$2001,"<="&S46)+SUMIFS(Transaksi!$I$2:$I$2001,Transaksi!$M$2:$M$2001,"<="&S46))-(SUMIFS(Transaksi!$J$2:$J$2001,Transaksi!$M$2:$M$2001,"<="&S46)),"") | I46: =IF(43>$O$2,"",MATCH(43,$Q$3:$Q$402,1)) | J46: =IF(I46="","",IF(43=INDEX($Q$3:$Q$402,I46),"H","E")) | K46: =IF(J46<>"E","",MATCH(S46,Transaksi!$M$2:$M$2001,0)+43-INDEX($Q$3:$Q$402,I46)-1) | N46: 44 | O46: =IF(N46<=$O$1,$O$1-N46+1,"") | P46: =IF(O46="",0,COUNTIF(Transaksi!$M$2:$M$2001,O46)+1) | Q46: =1+SUM(P$2:P45) | S46: =IF(I46="","",INDEX($O$3:$O$402,I46)) | T46: =IF(J46<>"H","",INDEX(Transaksi!$A$2:$A$2001,MATCH(S46,Transaksi!$M$2:$M$2001,0)))
A47: =IF(J47="E",IF(INDEX(Transaksi!$J$2:$J$2001,K47)>0,"↑","↓"),"") | B47: =IF(J47="H",CHOOSE(WEEKDAY(T47,2),"Isnin","Selasa","Rabu","Khamis","Jumaat","Sabtu","Ahad")&", "&DAY(T47)&" "&CHOOSE(MONTH(T47),"Jan","Feb","Mac","Apr","Mei","Jun","Jul","Ogo","Sep","Okt","Nov","Dis")&" "&YEAR(T47),IF(J47="E",IF(INDEX(Transaksi!$B$2:$B$2001,K47)="",INDEX(Transaksi!$C$2:$C$2001,K47)&" · "&INDEX(Transaksi!$D$2:$D$2001,K47),INDEX(Transaksi!$B$2:$B$2001,K47)),"")) | C47: =IF(J47="E",INDEX(Transaksi!$C$2:$C$2001,K47)&"","") | D47: =IF(J47="E",INDEX(Transaksi!$D$2:$D$2001,K47)&"","") | E47: =IF(J47="H",SUMIFS(Transaksi!$G$2:$G$2001,Transaksi!$M$2:$M$2001,"="&S47)+SUMIFS(Transaksi!$H$2:$H$2001,Transaksi!$M$2:$M$2001,"="&S47)+SUMIFS(Transaksi!$I$2:$I$2001,Transaksi!$M$2:$M$2001,"="&S47),IF(J47="E",IF(INDEX(Transaksi!$G$2:$G$2001,K47)+INDEX(Transaksi!$H$2:$H$2001,K47)+INDEX(Transaksi!$I$2:$I$2001,K47)=0,"",INDEX(Transaksi!$G$2:$G$2001,K47)+INDEX(Transaksi!$H$2:$H$2001,K47)+INDEX(Transaksi!$I$2:$I$2001,K47)),"")) | F47: =IF(J47="H",SUMIFS(Transaksi!$J$2:$J$2001,Transaksi!$M$2:$M$2001,"="&S47),IF(J47="E",IF(INDEX(Transaksi!$J$2:$J$2001,K47)=0,"",INDEX(Transaksi!$J$2:$J$2001,K47)),"")) | G47: =IF(J47="H",(SUMIFS(Transaksi!$G$2:$G$2001,Transaksi!$M$2:$M$2001,"<="&S47)+SUMIFS(Transaksi!$H$2:$H$2001,Transaksi!$M$2:$M$2001,"<="&S47)+SUMIFS(Transaksi!$I$2:$I$2001,Transaksi!$M$2:$M$2001,"<="&S47))-(SUMIFS(Transaksi!$J$2:$J$2001,Transaksi!$M$2:$M$2001,"<="&S47)),"") | I47: =IF(44>$O$2,"",MATCH(44,$Q$3:$Q$402,1)) | J47: =IF(I47="","",IF(44=INDEX($Q$3:$Q$402,I47),"H","E")) | K47: =IF(J47<>"E","",MATCH(S47,Transaksi!$M$2:$M$2001,0)+44-INDEX($Q$3:$Q$402,I47)-1) | N47: 45 | O47: =IF(N47<=$O$1,$O$1-N47+1,"") | P47: =IF(O47="",0,COUNTIF(Transaksi!$M$2:$M$2001,O47)+1) | Q47: =1+SUM(P$2:P46) | S47: =IF(I47="","",INDEX($O$3:$O$402,I47)) | T47: =IF(J47<>"H","",INDEX(Transaksi!$A$2:$A$2001,MATCH(S47,Transaksi!$M$2:$M$2001,0)))
A48: =IF(J48="E",IF(INDEX(Transaksi!$J$2:$J$2001,K48)>0,"↑","↓"),"") | B48: =IF(J48="H",CHOOSE(WEEKDAY(T48,2),"Isnin","Selasa","Rabu","Khamis","Jumaat","Sabtu","Ahad")&", "&DAY(T48)&" "&CHOOSE(MONTH(T48),"Jan","Feb","Mac","Apr","Mei","Jun","Jul","Ogo","Sep","Okt","Nov","Dis")&" "&YEAR(T48),IF(J48="E",IF(INDEX(Transaksi!$B$2:$B$2001,K48)="",INDEX(Transaksi!$C$2:$C$2001,K48)&" · "&INDEX(Transaksi!$D$2:$D$2001,K48),INDEX(Transaksi!$B$2:$B$2001,K48)),"")) | C48: =IF(J48="E",INDEX(Transaksi!$C$2:$C$2001,K48)&"","") | D48: =IF(J48="E",INDEX(Transaksi!$D$2:$D$2001,K48)&"","") | E48: =IF(J48="H",SUMIFS(Transaksi!$G$2:$G$2001,Transaksi!$M$2:$M$2001,"="&S48)+SUMIFS(Transaksi!$H$2:$H$2001,Transaksi!$M$2:$M$2001,"="&S48)+SUMIFS(Transaksi!$I$2:$I$2001,Transaksi!$M$2:$M$2001,"="&S48),IF(J48="E",IF(INDEX(Transaksi!$G$2:$G$2001,K48)+INDEX(Transaksi!$H$2:$H$2001,K48)+INDEX(Transaksi!$I$2:$I$2001,K48)=0,"",INDEX(Transaksi!$G$2:$G$2001,K48)+INDEX(Transaksi!$H$2:$H$2001,K48)+INDEX(Transaksi!$I$2:$I$2001,K48)),"")) | F48: =IF(J48="H",SUMIFS(Transaksi!$J$2:$J$2001,Transaksi!$M$2:$M$2001,"="&S48),IF(J48="E",IF(INDEX(Transaksi!$J$2:$J$2001,K48)=0,"",INDEX(Transaksi!$J$2:$J$2001,K48)),"")) | G48: =IF(J48="H",(SUMIFS(Transaksi!$G$2:$G$2001,Transaksi!$M$2:$M$2001,"<="&S48)+SUMIFS(Transaksi!$H$2:$H$2001,Transaksi!$M$2:$M$2001,"<="&S48)+SUMIFS(Transaksi!$I$2:$I$2001,Transaksi!$M$2:$M$2001,"<="&S48))-(SUMIFS(Transaksi!$J$2:$J$2001,Transaksi!$M$2:$M$2001,"<="&S48)),"") | I48: =IF(45>$O$2,"",MATCH(45,$Q$3:$Q$402,1)) | J48: =IF(I48="","",IF(45=INDEX($Q$3:$Q$402,I48),"H","E")) | K48: =IF(J48<>"E","",MATCH(S48,Transaksi!$M$2:$M$2001,0)+45-INDEX($Q$3:$Q$402,I48)-1) | N48: 46 | O48: =IF(N48<=$O$1,$O$1-N48+1,"") | P48: =IF(O48="",0,COUNTIF(Transaksi!$M$2:$M$2001,O48)+1) | Q48: =1+SUM(P$2:P47) | S48: =IF(I48="","",INDEX($O$3:$O$402,I48)) | T48: =IF(J48<>"H","",INDEX(Transaksi!$A$2:$A$2001,MATCH(S48,Transaksi!$M$2:$M$2001,0)))
A49: =IF(J49="E",IF(INDEX(Transaksi!$J$2:$J$2001,K49)>0,"↑","↓"),"") | B49: =IF(J49="H",CHOOSE(WEEKDAY(T49,2),"Isnin","Selasa","Rabu","Khamis","Jumaat","Sabtu","Ahad")&", "&DAY(T49)&" "&CHOOSE(MONTH(T49),"Jan","Feb","Mac","Apr","Mei","Jun","Jul","Ogo","Sep","Okt","Nov","Dis")&" "&YEAR(T49),IF(J49="E",IF(INDEX(Transaksi!$B$2:$B$2001,K49)="",INDEX(Transaksi!$C$2:$C$2001,K49)&" · "&INDEX(Transaksi!$D$2:$D$2001,K49),INDEX(Transaksi!$B$2:$B$2001,K49)),"")) | C49: =IF(J49="E",INDEX(Transaksi!$C$2:$C$2001,K49)&"","") | D49: =IF(J49="E",INDEX(Transaksi!$D$2:$D$2001,K49)&"","") | E49: =IF(J49="H",SUMIFS(Transaksi!$G$2:$G$2001,Transaksi!$M$2:$M$2001,"="&S49)+SUMIFS(Transaksi!$H$2:$H$2001,Transaksi!$M$2:$M$2001,"="&S49)+SUMIFS(Transaksi!$I$2:$I$2001,Transaksi!$M$2:$M$2001,"="&S49),IF(J49="E",IF(INDEX(Transaksi!$G$2:$G$2001,K49)+INDEX(Transaksi!$H$2:$H$2001,K49)+INDEX(Transaksi!$I$2:$I$2001,K49)=0,"",INDEX(Transaksi!$G$2:$G$2001,K49)+INDEX(Transaksi!$H$2:$H$2001,K49)+INDEX(Transaksi!$I$2:$I$2001,K49)),"")) | F49: =IF(J49="H",SUMIFS(Transaksi!$J$2:$J$2001,Transaksi!$M$2:$M$2001,"="&S49),IF(J49="E",IF(INDEX(Transaksi!$J$2:$J$2001,K49)=0,"",INDEX(Transaksi!$J$2:$J$2001,K49)),"")) | G49: =IF(J49="H",(SUMIFS(Transaksi!$G$2:$G$2001,Transaksi!$M$2:$M$2001,"<="&S49)+SUMIFS(Transaksi!$H$2:$H$2001,Transaksi!$M$2:$M$2001,"<="&S49)+SUMIFS(Transaksi!$I$2:$I$2001,Transaksi!$M$2:$M$2001,"<="&S49))-(SUMIFS(Transaksi!$J$2:$J$2001,Transaksi!$M$2:$M$2001,"<="&S49)),"") | I49: =IF(46>$O$2,"",MATCH(46,$Q$3:$Q$402,1)) | J49: =IF(I49="","",IF(46=INDEX($Q$3:$Q$402,I49),"H","E")) | K49: =IF(J49<>"E","",MATCH(S49,Transaksi!$M$2:$M$2001,0)+46-INDEX($Q$3:$Q$402,I49)-1) | N49: 47 | O49: =IF(N49<=$O$1,$O$1-N49+1,"") | P49: =IF(O49="",0,COUNTIF(Transaksi!$M$2:$M$2001,O49)+1) | Q49: =1+SUM(P$2:P48) | S49: =IF(I49="","",INDEX($O$3:$O$402,I49)) | T49: =IF(J49<>"H","",INDEX(Transaksi!$A$2:$A$2001,MATCH(S49,Transaksi!$M$2:$M$2001,0)))
A50: =IF(J50="E",IF(INDEX(Transaksi!$J$2:$J$2001,K50)>0,"↑","↓"),"") | B50: =IF(J50="H",CHOOSE(WEEKDAY(T50,2),"Isnin","Selasa","Rabu","Khamis","Jumaat","Sabtu","Ahad")&", "&DAY(T50)&" "&CHOOSE(MONTH(T50),"Jan","Feb","Mac","Apr","Mei","Jun","Jul","Ogo","Sep","Okt","Nov","Dis")&" "&YEAR(T50),IF(J50="E",IF(INDEX(Transaksi!$B$2:$B$2001,K50)="",INDEX(Transaksi!$C$2:$C$2001,K50)&" · "&INDEX(Transaksi!$D$2:$D$2001,K50),INDEX(Transaksi!$B$2:$B$2001,K50)),"")) | C50: =IF(J50="E",INDEX(Transaksi!$C$2:$C$2001,K50)&"","") | D50: =IF(J50="E",INDEX(Transaksi!$D$2:$D$2001,K50)&"","") | E50: =IF(J50="H",SUMIFS(Transaksi!$G$2:$G$2001,Transaksi!$M$2:$M$2001,"="&S50)+SUMIFS(Transaksi!$H$2:$H$2001,Transaksi!$M$2:$M$2001,"="&S50)+SUMIFS(Transaksi!$I$2:$I$2001,Transaksi!$M$2:$M$2001,"="&S50),IF(J50="E",IF(INDEX(Transaksi!$G$2:$G$2001,K50)+INDEX(Transaksi!$H$2:$H$2001,K50)+INDEX(Transaksi!$I$2:$I$2001,K50)=0,"",INDEX(Transaksi!$G$2:$G$2001,K50)+INDEX(Transaksi!$H$2:$H$2001,K50)+INDEX(Transaksi!$I$2:$I$2001,K50)),"")) | F50: =IF(J50="H",SUMIFS(Transaksi!$J$2:$J$2001,Transaksi!$M$2:$M$2001,"="&S50),IF(J50="E",IF(INDEX(Transaksi!$J$2:$J$2001,K50)=0,"",INDEX(Transaksi!$J$2:$J$2001,K50)),"")) | G50: =IF(J50="H",(SUMIFS(Transaksi!$G$2:$G$2001,Transaksi!$M$2:$M$2001,"<="&S50)+SUMIFS(Transaksi!$H$2:$H$2001,Transaksi!$M$2:$M$2001,"<="&S50)+SUMIFS(Transaksi!$I$2:$I$2001,Transaksi!$M$2:$M$2001,"<="&S50))-(SUMIFS(Transaksi!$J$2:$J$2001,Transaksi!$M$2:$M$2001,"<="&S50)),"") | I50: =IF(47>$O$2,"",MATCH(47,$Q$3:$Q$402,1)) | J50: =IF(I50="","",IF(47=INDEX($Q$3:$Q$402,I50),"H","E")) | K50: =IF(J50<>"E","",MATCH(S50,Transaksi!$M$2:$M$2001,0)+47-INDEX($Q$3:$Q$402,I50)-1) | N50: 48 | O50: =IF(N50<=$O$1,$O$1-N50+1,"") | P50: =IF(O50="",0,COUNTIF(Transaksi!$M$2:$M$2001,O50)+1) | Q50: =1+SUM(P$2:P49) | S50: =IF(I50="","",INDEX($O$3:$O$402,I50)) | T50: =IF(J50<>"H","",INDEX(Transaksi!$A$2:$A$2001,MATCH(S50,Transaksi!$M$2:$M$2001,0)))
A51: =IF(J51="E",IF(INDEX(Transaksi!$J$2:$J$2001,K51)>0,"↑","↓"),"") | B51: =IF(J51="H",CHOOSE(WEEKDAY(T51,2),"Isnin","Selasa","Rabu","Khamis","Jumaat","Sabtu","Ahad")&", "&DAY(T51)&" "&CHOOSE(MONTH(T51),"Jan","Feb","Mac","Apr","Mei","Jun","Jul","Ogo","Sep","Okt","Nov","Dis")&" "&YEAR(T51),IF(J51="E",IF(INDEX(Transaksi!$B$2:$B$2001,K51)="",INDEX(Transaksi!$C$2:$C$2001,K51)&" · "&INDEX(Transaksi!$D$2:$D$2001,K51),INDEX(Transaksi!$B$2:$B$2001,K51)),"")) | C51: =IF(J51="E",INDEX(Transaksi!$C$2:$C$2001,K51)&"","") | D51: =IF(J51="E",INDEX(Transaksi!$D$2:$D$2001,K51)&"","") | E51: =IF(J51="H",SUMIFS(Transaksi!$G$2:$G$2001,Transaksi!$M$2:$M$2001,"="&S51)+SUMIFS(Transaksi!$H$2:$H$2001,Transaksi!$M$2:$M$2001,"="&S51)+SUMIFS(Transaksi!$I$2:$I$2001,Transaksi!$M$2:$M$2001,"="&S51),IF(J51="E",IF(INDEX(Transaksi!$G$2:$G$2001,K51)+INDEX(Transaksi!$H$2:$H$2001,K51)+INDEX(Transaksi!$I$2:$I$2001,K51)=0,"",INDEX(Transaksi!$G$2:$G$2001,K51)+INDEX(Transaksi!$H$2:$H$2001,K51)+INDEX(Transaksi!$I$2:$I$2001,K51)),"")) | F51: =IF(J51="H",SUMIFS(Transaksi!$J$2:$J$2001,Transaksi!$M$2:$M$2001,"="&S51),IF(J51="E",IF(INDEX(Transaksi!$J$2:$J$2001,K51)=0,"",INDEX(Transaksi!$J$2:$J$2001,K51)),"")) | G51: =IF(J51="H",(SUMIFS(Transaksi!$G$2:$G$2001,Transaksi!$M$2:$M$2001,"<="&S51)+SUMIFS(Transaksi!$H$2:$H$2001,Transaksi!$M$2:$M$2001,"<="&S51)+SUMIFS(Transaksi!$I$2:$I$2001,Transaksi!$M$2:$M$2001,"<="&S51))-(SUMIFS(Transaksi!$J$2:$J$2001,Transaksi!$M$2:$M$2001,"<="&S51)),"") | I51: =IF(48>$O$2,"",MATCH(48,$Q$3:$Q$402,1)) | J51: =IF(I51="","",IF(48=INDEX($Q$3:$Q$402,I51),"H","E")) | K51: =IF(J51<>"E","",MATCH(S51,Transaksi!$M$2:$M$2001,0)+48-INDEX($Q$3:$Q$402,I51)-1) | N51: 49 | O51: =IF(N51<=$O$1,$O$1-N51+1,"") | P51: =IF(O51="",0,COUNTIF(Transaksi!$M$2:$M$2001,O51)+1) | Q51: =1+SUM(P$2:P50) | S51: =IF(I51="","",INDEX($O$3:$O$402,I51)) | T51: =IF(J51<>"H","",INDEX(Transaksi!$A$2:$A$2001,MATCH(S51,Transaksi!$M$2:$M$2001,0)))
A52: =IF(J52="E",IF(INDEX(Transaksi!$J$2:$J$2001,K52)>0,"↑","↓"),"") | B52: =IF(J52="H",CHOOSE(WEEKDAY(T52,2),"Isnin","Selasa","Rabu","Khamis","Jumaat","Sabtu","Ahad")&", "&DAY(T52)&" "&CHOOSE(MONTH(T52),"Jan","Feb","Mac","Apr","Mei","Jun","Jul","Ogo","Sep","Okt","Nov","Dis")&" "&YEAR(T52),IF(J52="E",IF(INDEX(Transaksi!$B$2:$B$2001,K52)="",INDEX(Transaksi!$C$2:$C$2001,K52)&" · "&INDEX(Transaksi!$D$2:$D$2001,K52),INDEX(Transaksi!$B$2:$B$2001,K52)),"")) | C52: =IF(J52="E",INDEX(Transaksi!$C$2:$C$2001,K52)&"","") | D52: =IF(J52="E",INDEX(Transaksi!$D$2:$D$2001,K52)&"","") | E52: =IF(J52="H",SUMIFS(Transaksi!$G$2:$G$2001,Transaksi!$M$2:$M$2001,"="&S52)+SUMIFS(Transaksi!$H$2:$H$2001,Transaksi!$M$2:$M$2001,"="&S52)+SUMIFS(Transaksi!$I$2:$I$2001,Transaksi!$M$2:$M$2001,"="&S52),IF(J52="E",IF(INDEX(Transaksi!$G$2:$G$2001,K52)+INDEX(Transaksi!$H$2:$H$2001,K52)+INDEX(Transaksi!$I$2:$I$2001,K52)=0,"",INDEX(Transaksi!$G$2:$G$2001,K52)+INDEX(Transaksi!$H$2:$H$2001,K52)+INDEX(Transaksi!$I$2:$I$2001,K52)),"")) | F52: =IF(J52="H",SUMIFS(Transaksi!$J$2:$J$2001,Transaksi!$M$2:$M$2001,"="&S52),IF(J52="E",IF(INDEX(Transaksi!$J$2:$J$2001,K52)=0,"",INDEX(Transaksi!$J$2:$J$2001,K52)),"")) | G52: =IF(J52="H",(SUMIFS(Transaksi!$G$2:$G$2001,Transaksi!$M$2:$M$2001,"<="&S52)+SUMIFS(Transaksi!$H$2:$H$2001,Transaksi!$M$2:$M$2001,"<="&S52)+SUMIFS(Transaksi!$I$2:$I$2001,Transaksi!$M$2:$M$2001,"<="&S52))-(SUMIFS(Transaksi!$J$2:$J$2001,Transaksi!$M$2:$M$2001,"<="&S52)),"") | I52: =IF(49>$O$2,"",MATCH(49,$Q$3:$Q$402,1)) | J52: =IF(I52="","",IF(49=INDEX($Q$3:$Q$402,I52),"H","E")) | K52: =IF(J52<>"E","",MATCH(S52,Transaksi!$M$2:$M$2001,0)+49-INDEX($Q$3:$Q$402,I52)-1) | N52: 50 | O52: =IF(N52<=$O$1,$O$1-N52+1,"") | P52: =IF(O52="",0,COUNTIF(Transaksi!$M$2:$M$2001,O52)+1) | Q52: =1+SUM(P$2:P51) | S52: =IF(I52="","",INDEX($O$3:$O$402,I52)) | T52: =IF(J52<>"H","",INDEX(Transaksi!$A$2:$A$2001,MATCH(S52,Transaksi!$M$2:$M$2001,0)))
A53: =IF(J53="E",IF(INDEX(Transaksi!$J$2:$J$2001,K53)>0,"↑","↓"),"") | B53: =IF(J53="H",CHOOSE(WEEKDAY(T53,2),"Isnin","Selasa","Rabu","Khamis","Jumaat","Sabtu","Ahad")&", "&DAY(T53)&" "&CHOOSE(MONTH(T53),"Jan","Feb","Mac","Apr","Mei","Jun","Jul","Ogo","Sep","Okt","Nov","Dis")&" "&YEAR(T53),IF(J53="E",IF(INDEX(Transaksi!$B$2:$B$2001,K53)="",INDEX(Transaksi!$C$2:$C$2001,K53)&" · "&INDEX(Transaksi!$D$2:$D$2001,K53),INDEX(Transaksi!$B$2:$B$2001,K53)),"")) | C53: =IF(J53="E",INDEX(Transaksi!$C$2:$C$2001,K53)&"","") | D53: =IF(J53="E",INDEX(Transaksi!$D$2:$D$2001,K53)&"","") | E53: =IF(J53="H",SUMIFS(Transaksi!$G$2:$G$2001,Transaksi!$M$2:$M$2001,"="&S53)+SUMIFS(Transaksi!$H$2:$H$2001,Transaksi!$M$2:$M$2001,"="&S53)+SUMIFS(Transaksi!$I$2:$I$2001,Transaksi!$M$2:$M$2001,"="&S53),IF(J53="E",IF(INDEX(Transaksi!$G$2:$G$2001,K53)+INDEX(Transaksi!$H$2:$H$2001,K53)+INDEX(Transaksi!$I$2:$I$2001,K53)=0,"",INDEX(Transaksi!$G$2:$G$2001,K53)+INDEX(Transaksi!$H$2:$H$2001,K53)+INDEX(Transaksi!$I$2:$I$2001,K53)),"")) | F53: =IF(J53="H",SUMIFS(Transaksi!$J$2:$J$2001,Transaksi!$M$2:$M$2001,"="&S53),IF(J53="E",IF(INDEX(Transaksi!$J$2:$J$2001,K53)=0,"",INDEX(Transaksi!$J$2:$J$2001,K53)),"")) | G53: =IF(J53="H",(SUMIFS(Transaksi!$G$2:$G$2001,Transaksi!$M$2:$M$2001,"<="&S53)+SUMIFS(Transaksi!$H$2:$H$2001,Transaksi!$M$2:$M$2001,"<="&S53)+SUMIFS(Transaksi!$I$2:$I$2001,Transaksi!$M$2:$M$2001,"<="&S53))-(SUMIFS(Transaksi!$J$2:$J$2001,Transaksi!$M$2:$M$2001,"<="&S53)),"") | I53: =IF(50>$O$2,"",MATCH(50,$Q$3:$Q$402,1)) | J53: =IF(I53="","",IF(50=INDEX($Q$3:$Q$402,I53),"H","E")) | K53: =IF(J53<>"E","",MATCH(S53,Transaksi!$M$2:$M$2001,0)+50-INDEX($Q$3:$Q$402,I53)-1) | N53: 51 | O53: =IF(N53<=$O$1,$O$1-N53+1,"") | P53: =IF(O53="",0,COUNTIF(Transaksi!$M$2:$M$2001,O53)+1) | Q53: =1+SUM(P$2:P52) | S53: =IF(I53="","",INDEX($O$3:$O$402,I53)) | T53: =IF(J53<>"H","",INDEX(Transaksi!$A$2:$A$2001,MATCH(S53,Transaksi!$M$2:$M$2001,0)))
A54: =IF(J54="E",IF(INDEX(Transaksi!$J$2:$J$2001,K54)>0,"↑","↓"),"") | B54: =IF(J54="H",CHOOSE(WEEKDAY(T54,2),"Isnin","Selasa","Rabu","Khamis","Jumaat","Sabtu","Ahad")&", "&DAY(T54)&" "&CHOOSE(MONTH(T54),"Jan","Feb","Mac","Apr","Mei","Jun","Jul","Ogo","Sep","Okt","Nov","Dis")&" "&YEAR(T54),IF(J54="E",IF(INDEX(Transaksi!$B$2:$B$2001,K54)="",INDEX(Transaksi!$C$2:$C$2001,K54)&" · "&INDEX(Transaksi!$D$2:$D$2001,K54),INDEX(Transaksi!$B$2:$B$2001,K54)),"")) | C54: =IF(J54="E",INDEX(Transaksi!$C$2:$C$2001,K54)&"","") | D54: =IF(J54="E",INDEX(Transaksi!$D$2:$D$2001,K54)&"","") | E54: =IF(J54="H",SUMIFS(Transaksi!$G$2:$G$2001,Transaksi!$M$2:$M$2001,"="&S54)+SUMIFS(Transaksi!$H$2:$H$2001,Transaksi!$M$2:$M$2001,"="&S54)+SUMIFS(Transaksi!$I$2:$I$2001,Transaksi!$M$2:$M$2001,"="&S54),IF(J54="E",IF(INDEX(Transaksi!$G$2:$G$2001,K54)+INDEX(Transaksi!$H$2:$H$2001,K54)+INDEX(Transaksi!$I$2:$I$2001,K54)=0,"",INDEX(Transaksi!$G$2:$G$2001,K54)+INDEX(Transaksi!$H$2:$H$2001,K54)+INDEX(Transaksi!$I$2:$I$2001,K54)),"")) | F54: =IF(J54="H",SUMIFS(Transaksi!$J$2:$J$2001,Transaksi!$M$2:$M$2001,"="&S54),IF(J54="E",IF(INDEX(Transaksi!$J$2:$J$2001,K54)=0,"",INDEX(Transaksi!$J$2:$J$2001,K54)),"")) | G54: =IF(J54="H",(SUMIFS(Transaksi!$G$2:$G$2001,Transaksi!$M$2:$M$2001,"<="&S54)+SUMIFS(Transaksi!$H$2:$H$2001,Transaksi!$M$2:$M$2001,"<="&S54)+SUMIFS(Transaksi!$I$2:$I$2001,Transaksi!$M$2:$M$2001,"<="&S54))-(SUMIFS(Transaksi!$J$2:$J$2001,Transaksi!$M$2:$M$2001,"<="&S54)),"") | I54: =IF(51>$O$2,"",MATCH(51,$Q$3:$Q$402,1)) | J54: =IF(I54="","",IF(51=INDEX($Q$3:$Q$402,I54),"H","E")) | K54: =IF(J54<>"E","",MATCH(S54,Transaksi!$M$2:$M$2001,0)+51-INDEX($Q$3:$Q$402,I54)-1) | N54: 52 | O54: =IF(N54<=$O$1,$O$1-N54+1,"") | P54: =IF(O54="",0,COUNTIF(Transaksi!$M$2:$M$2001,O54)+1) | Q54: =1+SUM(P$2:P53) | S54: =IF(I54="","",INDEX($O$3:$O$402,I54)) | T54: =IF(J54<>"H","",INDEX(Transaksi!$A$2:$A$2001,MATCH(S54,Transaksi!$M$2:$M$2001,0)))
A55: =IF(J55="E",IF(INDEX(Transaksi!$J$2:$J$2001,K55)>0,"↑","↓"),"") | B55: =IF(J55="H",CHOOSE(WEEKDAY(T55,2),"Isnin","Selasa","Rabu","Khamis","Jumaat","Sabtu","Ahad")&", "&DAY(T55)&" "&CHOOSE(MONTH(T55),"Jan","Feb","Mac","Apr","Mei","Jun","Jul","Ogo","Sep","Okt","Nov","Dis")&" "&YEAR(T55),IF(J55="E",IF(INDEX(Transaksi!$B$2:$B$2001,K55)="",INDEX(Transaksi!$C$2:$C$2001,K55)&" · "&INDEX(Transaksi!$D$2:$D$2001,K55),INDEX(Transaksi!$B$2:$B$2001,K55)),"")) | C55: =IF(J55="E",INDEX(Transaksi!$C$2:$C$2001,K55)&"","") | D55: =IF(J55="E",INDEX(Transaksi!$D$2:$D$2001,K55)&"","") | E55: =IF(J55="H",SUMIFS(Transaksi!$G$2:$G$2001,Transaksi!$M$2:$M$2001,"="&S55)+SUMIFS(Transaksi!$H$2:$H$2001,Transaksi!$M$2:$M$2001,"="&S55)+SUMIFS(Transaksi!$I$2:$I$2001,Transaksi!$M$2:$M$2001,"="&S55),IF(J55="E",IF(INDEX(Transaksi!$G$2:$G$2001,K55)+INDEX(Transaksi!$H$2:$H$2001,K55)+INDEX(Transaksi!$I$2:$I$2001,K55)=0,"",INDEX(Transaksi!$G$2:$G$2001,K55)+INDEX(Transaksi!$H$2:$H$2001,K55)+INDEX(Transaksi!$I$2:$I$2001,K55)),"")) | F55: =IF(J55="H",SUMIFS(Transaksi!$J$2:$J$2001,Transaksi!$M$2:$M$2001,"="&S55),IF(J55="E",IF(INDEX(Transaksi!$J$2:$J$2001,K55)=0,"",INDEX(Transaksi!$J$2:$J$2001,K55)),"")) | G55: =IF(J55="H",(SUMIFS(Transaksi!$G$2:$G$2001,Transaksi!$M$2:$M$2001,"<="&S55)+SUMIFS(Transaksi!$H$2:$H$2001,Transaksi!$M$2:$M$2001,"<="&S55)+SUMIFS(Transaksi!$I$2:$I$2001,Transaksi!$M$2:$M$2001,"<="&S55))-(SUMIFS(Transaksi!$J$2:$J$2001,Transaksi!$M$2:$M$2001,"<="&S55)),"") | I55: =IF(52>$O$2,"",MATCH(52,$Q$3:$Q$402,1)) | J55: =IF(I55="","",IF(52=INDEX($Q$3:$Q$402,I55),"H","E")) | K55: =IF(J55<>"E","",MATCH(S55,Transaksi!$M$2:$M$2001,0)+52-INDEX($Q$3:$Q$402,I55)-1) | N55: 53 | O55: =IF(N55<=$O$1,$O$1-N55+1,"") | P55: =IF(O55="",0,COUNTIF(Transaksi!$M$2:$M$2001,O55)+1) | Q55: =1+SUM(P$2:P54) | S55: =IF(I55="","",INDEX($O$3:$O$402,I55)) | T55: =IF(J55<>"H","",INDEX(Transaksi!$A$2:$A$2001,MATCH(S55,Transaksi!$M$2:$M$2001,0)))
A56: =IF(J56="E",IF(INDEX(Transaksi!$J$2:$J$2001,K56)>0,"↑","↓"),"") | B56: =IF(J56="H",CHOOSE(WEEKDAY(T56,2),"Isnin","Selasa","Rabu","Khamis","Jumaat","Sabtu","Ahad")&", "&DAY(T56)&" "&CHOOSE(MONTH(T56),"Jan","Feb","Mac","Apr","Mei","Jun","Jul","Ogo","Sep","Okt","Nov","Dis")&" "&YEAR(T56),IF(J56="E",IF(INDEX(Transaksi!$B$2:$B$2001,K56)="",INDEX(Transaksi!$C$2:$C$2001,K56)&" · "&INDEX(Transaksi!$D$2:$D$2001,K56),INDEX(Transaksi!$B$2:$B$2001,K56)),"")) | C56: =IF(J56="E",INDEX(Transaksi!$C$2:$C$2001,K56)&"","") | D56: =IF(J56="E",INDEX(Transaksi!$D$2:$D$2001,K56)&"","") | E56: =IF(J56="H",SUMIFS(Transaksi!$G$2:$G$2001,Transaksi!$M$2:$M$2001,"="&S56)+SUMIFS(Transaksi!$H$2:$H$2001,Transaksi!$M$2:$M$2001,"="&S56)+SUMIFS(Transaksi!$I$2:$I$2001,Transaksi!$M$2:$M$2001,"="&S56),IF(J56="E",IF(INDEX(Transaksi!$G$2:$G$2001,K56)+INDEX(Transaksi!$H$2:$H$2001,K56)+INDEX(Transaksi!$I$2:$I$2001,K56)=0,"",INDEX(Transaksi!$G$2:$G$2001,K56)+INDEX(Transaksi!$H$2:$H$2001,K56)+INDEX(Transaksi!$I$2:$I$2001,K56)),"")) | F56: =IF(J56="H",SUMIFS(Transaksi!$J$2:$J$2001,Transaksi!$M$2:$M$2001,"="&S56),IF(J56="E",IF(INDEX(Transaksi!$J$2:$J$2001,K56)=0,"",INDEX(Transaksi!$J$2:$J$2001,K56)),"")) | G56: =IF(J56="H",(SUMIFS(Transaksi!$G$2:$G$2001,Transaksi!$M$2:$M$2001,"<="&S56)+SUMIFS(Transaksi!$H$2:$H$2001,Transaksi!$M$2:$M$2001,"<="&S56)+SUMIFS(Transaksi!$I$2:$I$2001,Transaksi!$M$2:$M$2001,"<="&S56))-(SUMIFS(Transaksi!$J$2:$J$2001,Transaksi!$M$2:$M$2001,"<="&S56)),"") | I56: =IF(53>$O$2,"",MATCH(53,$Q$3:$Q$402,1)) | J56: =IF(I56="","",IF(53=INDEX($Q$3:$Q$402,I56),"H","E")) | K56: =IF(J56<>"E","",MATCH(S56,Transaksi!$M$2:$M$2001,0)+53-INDEX($Q$3:$Q$402,I56)-1) | N56: 54 | O56: =IF(N56<=$O$1,$O$1-N56+1,"") | P56: =IF(O56="",0,COUNTIF(Transaksi!$M$2:$M$2001,O56)+1) | Q56: =1+SUM(P$2:P55) | S56: =IF(I56="","",INDEX($O$3:$O$402,I56)) | T56: =IF(J56<>"H","",INDEX(Transaksi!$A$2:$A$2001,MATCH(S56,Transaksi!$M$2:$M$2001,0)))
A57: =IF(J57="E",IF(INDEX(Transaksi!$J$2:$J$2001,K57)>0,"↑","↓"),"") | B57: =IF(J57="H",CHOOSE(WEEKDAY(T57,2),"Isnin","Selasa","Rabu","Khamis","Jumaat","Sabtu","Ahad")&", "&DAY(T57)&" "&CHOOSE(MONTH(T57),"Jan","Feb","Mac","Apr","Mei","Jun","Jul","Ogo","Sep","Okt","Nov","Dis")&" "&YEAR(T57),IF(J57="E",IF(INDEX(Transaksi!$B$2:$B$2001,K57)="",INDEX(Transaksi!$C$2:$C$2001,K57)&" · "&INDEX(Transaksi!$D$2:$D$2001,K57),INDEX(Transaksi!$B$2:$B$2001,K57)),"")) | C57: =IF(J57="E",INDEX(Transaksi!$C$2:$C$2001,K57)&"","") | D57: =IF(J57="E",INDEX(Transaksi!$D$2:$D$2001,K57)&"","") | E57: =IF(J57="H",SUMIFS(Transaksi!$G$2:$G$2001,Transaksi!$M$2:$M$2001,"="&S57)+SUMIFS(Transaksi!$H$2:$H$2001,Transaksi!$M$2:$M$2001,"="&S57)+SUMIFS(Transaksi!$I$2:$I$2001,Transaksi!$M$2:$M$2001,"="&S57),IF(J57="E",IF(INDEX(Transaksi!$G$2:$G$2001,K57)+INDEX(Transaksi!$H$2:$H$2001,K57)+INDEX(Transaksi!$I$2:$I$2001,K57)=0,"",INDEX(Transaksi!$G$2:$G$2001,K57)+INDEX(Transaksi!$H$2:$H$2001,K57)+INDEX(Transaksi!$I$2:$I$2001,K57)),"")) | F57: =IF(J57="H",SUMIFS(Transaksi!$J$2:$J$2001,Transaksi!$M$2:$M$2001,"="&S57),IF(J57="E",IF(INDEX(Transaksi!$J$2:$J$2001,K57)=0,"",INDEX(Transaksi!$J$2:$J$2001,K57)),"")) | G57: =IF(J57="H",(SUMIFS(Transaksi!$G$2:$G$2001,Transaksi!$M$2:$M$2001,"<="&S57)+SUMIFS(Transaksi!$H$2:$H$2001,Transaksi!$M$2:$M$2001,"<="&S57)+SUMIFS(Transaksi!$I$2:$I$2001,Transaksi!$M$2:$M$2001,"<="&S57))-(SUMIFS(Transaksi!$J$2:$J$2001,Transaksi!$M$2:$M$2001,"<="&S57)),"") | I57: =IF(54>$O$2,"",MATCH(54,$Q$3:$Q$402,1)) | J57: =IF(I57="","",IF(54=INDEX($Q$3:$Q$402,I57),"H","E")) | K57: =IF(J57<>"E","",MATCH(S57,Transaksi!$M$2:$M$2001,0)+54-INDEX($Q$3:$Q$402,I57)-1) | N57: 55 | O57: =IF(N57<=$O$1,$O$1-N57+1,"") | P57: =IF(O57="",0,COUNTIF(Transaksi!$M$2:$M$2001,O57)+1) | Q57: =1+SUM(P$2:P56) | S57: =IF(I57="","",INDEX($O$3:$O$402,I57)) | T57: =IF(J57<>"H","",INDEX(Transaksi!$A$2:$A$2001,MATCH(S57,Transaksi!$M$2:$M$2001,0)))
A58: =IF(J58="E",IF(INDEX(Transaksi!$J$2:$J$2001,K58)>0,"↑","↓"),"") | B58: =IF(J58="H",CHOOSE(WEEKDAY(T58,2),"Isnin","Selasa","Rabu","Khamis","Jumaat","Sabtu","Ahad")&", "&DAY(T58)&" "&CHOOSE(MONTH(T58),"Jan","Feb","Mac","Apr","Mei","Jun","Jul","Ogo","Sep","Okt","Nov","Dis")&" "&YEAR(T58),IF(J58="E",IF(INDEX(Transaksi!$B$2:$B$2001,K58)="",INDEX(Transaksi!$C$2:$C$2001,K58)&" · "&INDEX(Transaksi!$D$2:$D$2001,K58),INDEX(Transaksi!$B$2:$B$2001,K58)),"")) | C58: =IF(J58="E",INDEX(Transaksi!$C$2:$C$2001,K58)&"","") | D58: =IF(J58="E",INDEX(Transaksi!$D$2:$D$2001,K58)&"","") | E58: =IF(J58="H",SUMIFS(Transaksi!$G$2:$G$2001,Transaksi!$M$2:$M$2001,"="&S58)+SUMIFS(Transaksi!$H$2:$H$2001,Transaksi!$M$2:$M$2001,"="&S58)+SUMIFS(Transaksi!$I$2:$I$2001,Transaksi!$M$2:$M$2001,"="&S58),IF(J58="E",IF(INDEX(Transaksi!$G$2:$G$2001,K58)+INDEX(Transaksi!$H$2:$H$2001,K58)+INDEX(Transaksi!$I$2:$I$2001,K58)=0,"",INDEX(Transaksi!$G$2:$G$2001,K58)+INDEX(Transaksi!$H$2:$H$2001,K58)+INDEX(Transaksi!$I$2:$I$2001,K58)),"")) | F58: =IF(J58="H",SUMIFS(Transaksi!$J$2:$J$2001,Transaksi!$M$2:$M$2001,"="&S58),IF(J58="E",IF(INDEX(Transaksi!$J$2:$J$2001,K58)=0,"",INDEX(Transaksi!$J$2:$J$2001,K58)),"")) | G58: =IF(J58="H",(SUMIFS(Transaksi!$G$2:$G$2001,Transaksi!$M$2:$M$2001,"<="&S58)+SUMIFS(Transaksi!$H$2:$H$2001,Transaksi!$M$2:$M$2001,"<="&S58)+SUMIFS(Transaksi!$I$2:$I$2001,Transaksi!$M$2:$M$2001,"<="&S58))-(SUMIFS(Transaksi!$J$2:$J$2001,Transaksi!$M$2:$M$2001,"<="&S58)),"") | I58: =IF(55>$O$2,"",MATCH(55,$Q$3:$Q$402,1)) | J58: =IF(I58="","",IF(55=INDEX($Q$3:$Q$402,I58),"H","E")) | K58: =IF(J58<>"E","",MATCH(S58,Transaksi!$M$2:$M$2001,0)+55-INDEX($Q$3:$Q$402,I58)-1) | N58: 56 | O58: =IF(N58<=$O$1,$O$1-N58+1,"") | P58: =IF(O58="",0,COUNTIF(Transaksi!$M$2:$M$2001,O58)+1) | Q58: =1+SUM(P$2:P57) | S58: =IF(I58="","",INDEX($O$3:$O$402,I58)) | T58: =IF(J58<>"H","",INDEX(Transaksi!$A$2:$A$2001,MATCH(S58,Transaksi!$M$2:$M$2001,0)))
A59: =IF(J59="E",IF(INDEX(Transaksi!$J$2:$J$2001,K59)>0,"↑","↓"),"") | B59: =IF(J59="H",CHOOSE(WEEKDAY(T59,2),"Isnin","Selasa","Rabu","Khamis","Jumaat","Sabtu","Ahad")&", "&DAY(T59)&" "&CHOOSE(MONTH(T59),"Jan","Feb","Mac","Apr","Mei","Jun","Jul","Ogo","Sep","Okt","Nov","Dis")&" "&YEAR(T59),IF(J59="E",IF(INDEX(Transaksi!$B$2:$B$2001,K59)="",INDEX(Transaksi!$C$2:$C$2001,K59)&" · "&INDEX(Transaksi!$D$2:$D$2001,K59),INDEX(Transaksi!$B$2:$B$2001,K59)),"")) | C59: =IF(J59="E",INDEX(Transaksi!$C$2:$C$2001,K59)&"","") | D59: =IF(J59="E",INDEX(Transaksi!$D$2:$D$2001,K59)&"","") | E59: =IF(J59="H",SUMIFS(Transaksi!$G$2:$G$2001,Transaksi!$M$2:$M$2001,"="&S59)+SUMIFS(Transaksi!$H$2:$H$2001,Transaksi!$M$2:$M$2001,"="&S59)+SUMIFS(Transaksi!$I$2:$I$2001,Transaksi!$M$2:$M$2001,"="&S59),IF(J59="E",IF(INDEX(Transaksi!$G$2:$G$2001,K59)+INDEX(Transaksi!$H$2:$H$2001,K59)+INDEX(Transaksi!$I$2:$I$2001,K59)=0,"",INDEX(Transaksi!$G$2:$G$2001,K59)+INDEX(Transaksi!$H$2:$H$2001,K59)+INDEX(Transaksi!$I$2:$I$2001,K59)),"")) | F59: =IF(J59="H",SUMIFS(Transaksi!$J$2:$J$2001,Transaksi!$M$2:$M$2001,"="&S59),IF(J59="E",IF(INDEX(Transaksi!$J$2:$J$2001,K59)=0,"",INDEX(Transaksi!$J$2:$J$2001,K59)),"")) | G59: =IF(J59="H",(SUMIFS(Transaksi!$G$2:$G$2001,Transaksi!$M$2:$M$2001,"<="&S59)+SUMIFS(Transaksi!$H$2:$H$2001,Transaksi!$M$2:$M$2001,"<="&S59)+SUMIFS(Transaksi!$I$2:$I$2001,Transaksi!$M$2:$M$2001,"<="&S59))-(SUMIFS(Transaksi!$J$2:$J$2001,Transaksi!$M$2:$M$2001,"<="&S59)),"") | I59: =IF(56>$O$2,"",MATCH(56,$Q$3:$Q$402,1)) | J59: =IF(I59="","",IF(56=INDEX($Q$3:$Q$402,I59),"H","E")) | K59: =IF(J59<>"E","",MATCH(S59,Transaksi!$M$2:$M$2001,0)+56-INDEX($Q$3:$Q$402,I59)-1) | N59: 57 | O59: =IF(N59<=$O$1,$O$1-N59+1,"") | P59: =IF(O59="",0,COUNTIF(Transaksi!$M$2:$M$2001,O59)+1) | Q59: =1+SUM(P$2:P58) | S59: =IF(I59="","",INDEX($O$3:$O$402,I59)) | T59: =IF(J59<>"H","",INDEX(Transaksi!$A$2:$A$2001,MATCH(S59,Transaksi!$M$2:$M$2001,0)))
A60: =IF(J60="E",IF(INDEX(Transaksi!$J$2:$J$2001,K60)>0,"↑","↓"),"") | B60: =IF(J60="H",CHOOSE(WEEKDAY(T60,2),"Isnin","Selasa","Rabu","Khamis","Jumaat","Sabtu","Ahad")&", "&DAY(T60)&" "&CHOOSE(MONTH(T60),"Jan","Feb","Mac","Apr","Mei","Jun","Jul","Ogo","Sep","Okt","Nov","Dis")&" "&YEAR(T60),IF(J60="E",IF(INDEX(Transaksi!$B$2:$B$2001,K60)="",INDEX(Transaksi!$C$2:$C$2001,K60)&" · "&INDEX(Transaksi!$D$2:$D$2001,K60),INDEX(Transaksi!$B$2:$B$2001,K60)),"")) | C60: =IF(J60="E",INDEX(Transaksi!$C$2:$C$2001,K60)&"","") | D60: =IF(J60="E",INDEX(Transaksi!$D$2:$D$2001,K60)&"","") | E60: =IF(J60="H",SUMIFS(Transaksi!$G$2:$G$2001,Transaksi!$M$2:$M$2001,"="&S60)+SUMIFS(Transaksi!$H$2:$H$2001,Transaksi!$M$2:$M$2001,"="&S60)+SUMIFS(Transaksi!$I$2:$I$2001,Transaksi!$M$2:$M$2001,"="&S60),IF(J60="E",IF(INDEX(Transaksi!$G$2:$G$2001,K60)+INDEX(Transaksi!$H$2:$H$2001,K60)+INDEX(Transaksi!$I$2:$I$2001,K60)=0,"",INDEX(Transaksi!$G$2:$G$2001,K60)+INDEX(Transaksi!$H$2:$H$2001,K60)+INDEX(Transaksi!$I$2:$I$2001,K60)),"")) | F60: =IF(J60="H",SUMIFS(Transaksi!$J$2:$J$2001,Transaksi!$M$2:$M$2001,"="&S60),IF(J60="E",IF(INDEX(Transaksi!$J$2:$J$2001,K60)=0,"",INDEX(Transaksi!$J$2:$J$2001,K60)),"")) | G60: =IF(J60="H",(SUMIFS(Transaksi!$G$2:$G$2001,Transaksi!$M$2:$M$2001,"<="&S60)+SUMIFS(Transaksi!$H$2:$H$2001,Transaksi!$M$2:$M$2001,"<="&S60)+SUMIFS(Transaksi!$I$2:$I$2001,Transaksi!$M$2:$M$2001,"<="&S60))-(SUMIFS(Transaksi!$J$2:$J$2001,Transaksi!$M$2:$M$2001,"<="&S60)),"") | I60: =IF(57>$O$2,"",MATCH(57,$Q$3:$Q$402,1)) | J60: =IF(I60="","",IF(57=INDEX($Q$3:$Q$402,I60),"H","E")) | K60: =IF(J60<>"E","",MATCH(S60,Transaksi!$M$2:$M$2001,0)+57-INDEX($Q$3:$Q$402,I60)-1) | N60: 58 | O60: =IF(N60<=$O$1,$O$1-N60+1,"") | P60: =IF(O60="",0,COUNTIF(Transaksi!$M$2:$M$2001,O60)+1) | Q60: =1+SUM(P$2:P59) | S60: =IF(I60="","",INDEX($O$3:$O$402,I60)) | T60: =IF(J60<>"H","",INDEX(Transaksi!$A$2:$A$2001,MATCH(S60,Transaksi!$M$2:$M$2001,0)))
A61: =IF(J61="E",IF(INDEX(Transaksi!$J$2:$J$2001,K61)>0,"↑","↓"),"") | B61: =IF(J61="H",CHOOSE(WEEKDAY(T61,2),"Isnin","Selasa","Rabu","Khamis","Jumaat","Sabtu","Ahad")&", "&DAY(T61)&" "&CHOOSE(MONTH(T61),"Jan","Feb","Mac","Apr","Mei","Jun","Jul","Ogo","Sep","Okt","Nov","Dis")&" "&YEAR(T61),IF(J61="E",IF(INDEX(Transaksi!$B$2:$B$2001,K61)="",INDEX(Transaksi!$C$2:$C$2001,K61)&" · "&INDEX(Transaksi!$D$2:$D$2001,K61),INDEX(Transaksi!$B$2:$B$2001,K61)),"")) | C61: =IF(J61="E",INDEX(Transaksi!$C$2:$C$2001,K61)&"","") | D61: =IF(J61="E",INDEX(Transaksi!$D$2:$D$2001,K61)&"","") | E61: =IF(J61="H",SUMIFS(Transaksi!$G$2:$G$2001,Transaksi!$M$2:$M$2001,"="&S61)+SUMIFS(Transaksi!$H$2:$H$2001,Transaksi!$M$2:$M$2001,"="&S61)+SUMIFS(Transaksi!$I$2:$I$2001,Transaksi!$M$2:$M$2001,"="&S61),IF(J61="E",IF(INDEX(Transaksi!$G$2:$G$2001,K61)+INDEX(Transaksi!$H$2:$H$2001,K61)+INDEX(Transaksi!$I$2:$I$2001,K61)=0,"",INDEX(Transaksi!$G$2:$G$2001,K61)+INDEX(Transaksi!$H$2:$H$2001,K61)+INDEX(Transaksi!$I$2:$I$2001,K61)),"")) | F61: =IF(J61="H",SUMIFS(Transaksi!$J$2:$J$2001,Transaksi!$M$2:$M$2001,"="&S61),IF(J61="E",IF(INDEX(Transaksi!$J$2:$J$2001,K61)=0,"",INDEX(Transaksi!$J$2:$J$2001,K61)),"")) | G61: =IF(J61="H",(SUMIFS(Transaksi!$G$2:$G$2001,Transaksi!$M$2:$M$2001,"<="&S61)+SUMIFS(Transaksi!$H$2:$H$2001,Transaksi!$M$2:$M$2001,"<="&S61)+SUMIFS(Transaksi!$I$2:$I$2001,Transaksi!$M$2:$M$2001,"<="&S61))-(SUMIFS(Transaksi!$J$2:$J$2001,Transaksi!$M$2:$M$2001,"<="&S61)),"") | I61: =IF(58>$O$2,"",MATCH(58,$Q$3:$Q$402,1)) | J61: =IF(I61="","",IF(58=INDEX($Q$3:$Q$402,I61),"H","E")) | K61: =IF(J61<>"E","",MATCH(S61,Transaksi!$M$2:$M$2001,0)+58-INDEX($Q$3:$Q$402,I61)-1) | N61: 59 | O61: =IF(N61<=$O$1,$O$1-N61+1,"") | P61: =IF(O61="",0,COUNTIF(Transaksi!$M$2:$M$2001,O61)+1) | Q61: =1+SUM(P$2:P60) | S61: =IF(I61="","",INDEX($O$3:$O$402,I61)) | T61: =IF(J61<>"H","",INDEX(Transaksi!$A$2:$A$2001,MATCH(S61,Transaksi!$M$2:$M$2001,0)))
A62: =IF(J62="E",IF(INDEX(Transaksi!$J$2:$J$2001,K62)>0,"↑","↓"),"") | B62: =IF(J62="H",CHOOSE(WEEKDAY(T62,2),"Isnin","Selasa","Rabu","Khamis","Jumaat","Sabtu","Ahad")&", "&DAY(T62)&" "&CHOOSE(MONTH(T62),"Jan","Feb","Mac","Apr","Mei","Jun","Jul","Ogo","Sep","Okt","Nov","Dis")&" "&YEAR(T62),IF(J62="E",IF(INDEX(Transaksi!$B$2:$B$2001,K62)="",INDEX(Transaksi!$C$2:$C$2001,K62)&" · "&INDEX(Transaksi!$D$2:$D$2001,K62),INDEX(Transaksi!$B$2:$B$2001,K62)),"")) | C62: =IF(J62="E",INDEX(Transaksi!$C$2:$C$2001,K62)&"","") | D62: =IF(J62="E",INDEX(Transaksi!$D$2:$D$2001,K62)&"","") | E62: =IF(J62="H",SUMIFS(Transaksi!$G$2:$G$2001,Transaksi!$M$2:$M$2001,"="&S62)+SUMIFS(Transaksi!$H$2:$H$2001,Transaksi!$M$2:$M$2001,"="&S62)+SUMIFS(Transaksi!$I$2:$I$2001,Transaksi!$M$2:$M$2001,"="&S62),IF(J62="E",IF(INDEX(Transaksi!$G$2:$G$2001,K62)+INDEX(Transaksi!$H$2:$H$2001,K62)+INDEX(Transaksi!$I$2:$I$2001,K62)=0,"",INDEX(Transaksi!$G$2:$G$2001,K62)+INDEX(Transaksi!$H$2:$H$2001,K62)+INDEX(Transaksi!$I$2:$I$2001,K62)),"")) | F62: =IF(J62="H",SUMIFS(Transaksi!$J$2:$J$2001,Transaksi!$M$2:$M$2001,"="&S62),IF(J62="E",IF(INDEX(Transaksi!$J$2:$J$2001,K62)=0,"",INDEX(Transaksi!$J$2:$J$2001,K62)),"")) | G62: =IF(J62="H",(SUMIFS(Transaksi!$G$2:$G$2001,Transaksi!$M$2:$M$2001,"<="&S62)+SUMIFS(Transaksi!$H$2:$H$2001,Transaksi!$M$2:$M$2001,"<="&S62)+SUMIFS(Transaksi!$I$2:$I$2001,Transaksi!$M$2:$M$2001,"<="&S62))-(SUMIFS(Transaksi!$J$2:$J$2001,Transaksi!$M$2:$M$2001,"<="&S62)),"") | I62: =IF(59>$O$2,"",MATCH(59,$Q$3:$Q$402,1)) | J62: =IF(I62="","",IF(59=INDEX($Q$3:$Q$402,I62),"H","E")) | K62: =IF(J62<>"E","",MATCH(S62,Transaksi!$M$2:$M$2001,0)+59-INDEX($Q$3:$Q$402,I62)-1) | N62: 60 | O62: =IF(N62<=$O$1,$O$1-N62+1,"") | P62: =IF(O62="",0,COUNTIF(Transaksi!$M$2:$M$2001,O62)+1) | Q62: =1+SUM(P$2:P61) | S62: =IF(I62="","",INDEX($O$3:$O$402,I62)) | T62: =IF(J62<>"H","",INDEX(Transaksi!$A$2:$A$2001,MATCH(S62,Transaksi!$M$2:$M$2001,0)))
A63: =IF(J63="E",IF(INDEX(Transaksi!$J$2:$J$2001,K63)>0,"↑","↓"),"") | B63: =IF(J63="H",CHOOSE(WEEKDAY(T63,2),"Isnin","Selasa","Rabu","Khamis","Jumaat","Sabtu","Ahad")&", "&DAY(T63)&" "&CHOOSE(MONTH(T63),"Jan","Feb","Mac","Apr","Mei","Jun","Jul","Ogo","Sep","Okt","Nov","Dis")&" "&YEAR(T63),IF(J63="E",IF(INDEX(Transaksi!$B$2:$B$2001,K63)="",INDEX(Transaksi!$C$2:$C$2001,K63)&" · "&INDEX(Transaksi!$D$2:$D$2001,K63),INDEX(Transaksi!$B$2:$B$2001,K63)),"")) | C63: =IF(J63="E",INDEX(Transaksi!$C$2:$C$2001,K63)&"","") | D63: =IF(J63="E",INDEX(Transaksi!$D$2:$D$2001,K63)&"","") | E63: =IF(J63="H",SUMIFS(Transaksi!$G$2:$G$2001,Transaksi!$M$2:$M$2001,"="&S63)+SUMIFS(Transaksi!$H$2:$H$2001,Transaksi!$M$2:$M$2001,"="&S63)+SUMIFS(Transaksi!$I$2:$I$2001,Transaksi!$M$2:$M$2001,"="&S63),IF(J63="E",IF(INDEX(Transaksi!$G$2:$G$2001,K63)+INDEX(Transaksi!$H$2:$H$2001,K63)+INDEX(Transaksi!$I$2:$I$2001,K63)=0,"",INDEX(Transaksi!$G$2:$G$2001,K63)+INDEX(Transaksi!$H$2:$H$2001,K63)+INDEX(Transaksi!$I$2:$I$2001,K63)),"")) | F63: =IF(J63="H",SUMIFS(Transaksi!$J$2:$J$2001,Transaksi!$M$2:$M$2001,"="&S63),IF(J63="E",IF(INDEX(Transaksi!$J$2:$J$2001,K63)=0,"",INDEX(Transaksi!$J$2:$J$2001,K63)),"")) | G63: =IF(J63="H",(SUMIFS(Transaksi!$G$2:$G$2001,Transaksi!$M$2:$M$2001,"<="&S63)+SUMIFS(Transaksi!$H$2:$H$2001,Transaksi!$M$2:$M$2001,"<="&S63)+SUMIFS(Transaksi!$I$2:$I$2001,Transaksi!$M$2:$M$2001,"<="&S63))-(SUMIFS(Transaksi!$J$2:$J$2001,Transaksi!$M$2:$M$2001,"<="&S63)),"") | I63: =IF(60>$O$2,"",MATCH(60,$Q$3:$Q$402,1)) | J63: =IF(I63="","",IF(60=INDEX($Q$3:$Q$402,I63),"H","E")) | K63: =IF(J63<>"E","",MATCH(S63,Transaksi!$M$2:$M$2001,0)+60-INDEX($Q$3:$Q$402,I63)-1) | N63: 61 | O63: =IF(N63<=$O$1,$O$1-N63+1,"") | P63: =IF(O63="",0,COUNTIF(Transaksi!$M$2:$M$2001,O63)+1) | Q63: =1+SUM(P$2:P62) | S63: =IF(I63="","",INDEX($O$3:$O$402,I63)) | T63: =IF(J63<>"H","",INDEX(Transaksi!$A$2:$A$2001,MATCH(S63,Transaksi!$M$2:$M$2001,0)))
A64: =IF(J64="E",IF(INDEX(Transaksi!$J$2:$J$2001,K64)>0,"↑","↓"),"") | B64: =IF(J64="H",CHOOSE(WEEKDAY(T64,2),"Isnin","Selasa","Rabu","Khamis","Jumaat","Sabtu","Ahad")&", "&DAY(T64)&" "&CHOOSE(MONTH(T64),"Jan","Feb","Mac","Apr","Mei","Jun","Jul","Ogo","Sep","Okt","Nov","Dis")&" "&YEAR(T64),IF(J64="E",IF(INDEX(Transaksi!$B$2:$B$2001,K64)="",INDEX(Transaksi!$C$2:$C$2001,K64)&" · "&INDEX(Transaksi!$D$2:$D$2001,K64),INDEX(Transaksi!$B$2:$B$2001,K64)),"")) | C64: =IF(J64="E",INDEX(Transaksi!$C$2:$C$2001,K64)&"","") | D64: =IF(J64="E",INDEX(Transaksi!$D$2:$D$2001,K64)&"","") | E64: =IF(J64="H",SUMIFS(Transaksi!$G$2:$G$2001,Transaksi!$M$2:$M$2001,"="&S64)+SUMIFS(Transaksi!$H$2:$H$2001,Transaksi!$M$2:$M$2001,"="&S64)+SUMIFS(Transaksi!$I$2:$I$2001,Transaksi!$M$2:$M$2001,"="&S64),IF(J64="E",IF(INDEX(Transaksi!$G$2:$G$2001,K64)+INDEX(Transaksi!$H$2:$H$2001,K64)+INDEX(Transaksi!$I$2:$I$2001,K64)=0,"",INDEX(Transaksi!$G$2:$G$2001,K64)+INDEX(Transaksi!$H$2:$H$2001,K64)+INDEX(Transaksi!$I$2:$I$2001,K64)),"")) | F64: =IF(J64="H",SUMIFS(Transaksi!$J$2:$J$2001,Transaksi!$M$2:$M$2001,"="&S64),IF(J64="E",IF(INDEX(Transaksi!$J$2:$J$2001,K64)=0,"",INDEX(Transaksi!$J$2:$J$2001,K64)),"")) | G64: =IF(J64="H",(SUMIFS(Transaksi!$G$2:$G$2001,Transaksi!$M$2:$M$2001,"<="&S64)+SUMIFS(Transaksi!$H$2:$H$2001,Transaksi!$M$2:$M$2001,"<="&S64)+SUMIFS(Transaksi!$I$2:$I$2001,Transaksi!$M$2:$M$2001,"<="&S64))-(SUMIFS(Transaksi!$J$2:$J$2001,Transaksi!$M$2:$M$2001,"<="&S64)),"") | I64: =IF(61>$O$2,"",MATCH(61,$Q$3:$Q$402,1)) | J64: =IF(I64="","",IF(61=INDEX($Q$3:$Q$402,I64),"H","E")) | K64: =IF(J64<>"E","",MATCH(S64,Transaksi!$M$2:$M$2001,0)+61-INDEX($Q$3:$Q$402,I64)-1) | N64: 62 | O64: =IF(N64<=$O$1,$O$1-N64+1,"") | P64: =IF(O64="",0,COUNTIF(Transaksi!$M$2:$M$2001,O64)+1) | Q64: =1+SUM(P$2:P63) | S64: =IF(I64="","",INDEX($O$3:$O$402,I64)) | T64: =IF(J64<>"H","",INDEX(Transaksi!$A$2:$A$2001,MATCH(S64,Transaksi!$M$2:$M$2001,0)))
A65: =IF(J65="E",IF(INDEX(Transaksi!$J$2:$J$2001,K65)>0,"↑","↓"),"") | B65: =IF(J65="H",CHOOSE(WEEKDAY(T65,2),"Isnin","Selasa","Rabu","Khamis","Jumaat","Sabtu","Ahad")&", "&DAY(T65)&" "&CHOOSE(MONTH(T65),"Jan","Feb","Mac","Apr","Mei","Jun","Jul","Ogo","Sep","Okt","Nov","Dis")&" "&YEAR(T65),IF(J65="E",IF(INDEX(Transaksi!$B$2:$B$2001,K65)="",INDEX(Transaksi!$C$2:$C$2001,K65)&" · "&INDEX(Transaksi!$D$2:$D$2001,K65),INDEX(Transaksi!$B$2:$B$2001,K65)),"")) | C65: =IF(J65="E",INDEX(Transaksi!$C$2:$C$2001,K65)&"","") | D65: =IF(J65="E",INDEX(Transaksi!$D$2:$D$2001,K65)&"","") | E65: =IF(J65="H",SUMIFS(Transaksi!$G$2:$G$2001,Transaksi!$M$2:$M$2001,"="&S65)+SUMIFS(Transaksi!$H$2:$H$2001,Transaksi!$M$2:$M$2001,"="&S65)+SUMIFS(Transaksi!$I$2:$I$2001,Transaksi!$M$2:$M$2001,"="&S65),IF(J65="E",IF(INDEX(Transaksi!$G$2:$G$2001,K65)+INDEX(Transaksi!$H$2:$H$2001,K65)+INDEX(Transaksi!$I$2:$I$2001,K65)=0,"",INDEX(Transaksi!$G$2:$G$2001,K65)+INDEX(Transaksi!$H$2:$H$2001,K65)+INDEX(Transaksi!$I$2:$I$2001,K65)),"")) | F65: =IF(J65="H",SUMIFS(Transaksi!$J$2:$J$2001,Transaksi!$M$2:$M$2001,"="&S65),IF(J65="E",IF(INDEX(Transaksi!$J$2:$J$2001,K65)=0,"",INDEX(Transaksi!$J$2:$J$2001,K65)),"")) | G65: =IF(J65="H",(SUMIFS(Transaksi!$G$2:$G$2001,Transaksi!$M$2:$M$2001,"<="&S65)+SUMIFS(Transaksi!$H$2:$H$2001,Transaksi!$M$2:$M$2001,"<="&S65)+SUMIFS(Transaksi!$I$2:$I$2001,Transaksi!$M$2:$M$2001,"<="&S65))-(SUMIFS(Transaksi!$J$2:$J$2001,Transaksi!$M$2:$M$2001,"<="&S65)),"") | I65: =IF(62>$O$2,"",MATCH(62,$Q$3:$Q$402,1)) | J65: =IF(I65="","",IF(62=INDEX($Q$3:$Q$402,I65),"H","E")) | K65: =IF(J65<>"E","",MATCH(S65,Transaksi!$M$2:$M$2001,0)+62-INDEX($Q$3:$Q$402,I65)-1) | N65: 63 | O65: =IF(N65<=$O$1,$O$1-N65+1,"") | P65: =IF(O65="",0,COUNTIF(Transaksi!$M$2:$M$2001,O65)+1) | Q65: =1+SUM(P$2:P64) | S65: =IF(I65="","",INDEX($O$3:$O$402,I65)) | T65: =IF(J65<>"H","",INDEX(Transaksi!$A$2:$A$2001,MATCH(S65,Transaksi!$M$2:$M$2001,0)))
A66: =IF(J66="E",IF(INDEX(Transaksi!$J$2:$J$2001,K66)>0,"↑","↓"),"") | B66: =IF(J66="H",CHOOSE(WEEKDAY(T66,2),"Isnin","Selasa","Rabu","Khamis","Jumaat","Sabtu","Ahad")&", "&DAY(T66)&" "&CHOOSE(MONTH(T66),"Jan","Feb","Mac","Apr","Mei","Jun","Jul","Ogo","Sep","Okt","Nov","Dis")&" "&YEAR(T66),IF(J66="E",IF(INDEX(Transaksi!$B$2:$B$2001,K66)="",INDEX(Transaksi!$C$2:$C$2001,K66)&" · "&INDEX(Transaksi!$D$2:$D$2001,K66),INDEX(Transaksi!$B$2:$B$2001,K66)),"")) | C66: =IF(J66="E",INDEX(Transaksi!$C$2:$C$2001,K66)&"","") | D66: =IF(J66="E",INDEX(Transaksi!$D$2:$D$2001,K66)&"","") | E66: =IF(J66="H",SUMIFS(Transaksi!$G$2:$G$2001,Transaksi!$M$2:$M$2001,"="&S66)+SUMIFS(Transaksi!$H$2:$H$2001,Transaksi!$M$2:$M$2001,"="&S66)+SUMIFS(Transaksi!$I$2:$I$2001,Transaksi!$M$2:$M$2001,"="&S66),IF(J66="E",IF(INDEX(Transaksi!$G$2:$G$2001,K66)+INDEX(Transaksi!$H$2:$H$2001,K66)+INDEX(Transaksi!$I$2:$I$2001,K66)=0,"",INDEX(Transaksi!$G$2:$G$2001,K66)+INDEX(Transaksi!$H$2:$H$2001,K66)+INDEX(Transaksi!$I$2:$I$2001,K66)),"")) | F66: =IF(J66="H",SUMIFS(Transaksi!$J$2:$J$2001,Transaksi!$M$2:$M$2001,"="&S66),IF(J66="E",IF(INDEX(Transaksi!$J$2:$J$2001,K66)=0,"",INDEX(Transaksi!$J$2:$J$2001,K66)),"")) | G66: =IF(J66="H",(SUMIFS(Transaksi!$G$2:$G$2001,Transaksi!$M$2:$M$2001,"<="&S66)+SUMIFS(Transaksi!$H$2:$H$2001,Transaksi!$M$2:$M$2001,"<="&S66)+SUMIFS(Transaksi!$I$2:$I$2001,Transaksi!$M$2:$M$2001,"<="&S66))-(SUMIFS(Transaksi!$J$2:$J$2001,Transaksi!$M$2:$M$2001,"<="&S66)),"") | I66: =IF(63>$O$2,"",MATCH(63,$Q$3:$Q$402,1)) | J66: =IF(I66="","",IF(63=INDEX($Q$3:$Q$402,I66),"H","E")) | K66: =IF(J66<>"E","",MATCH(S66,Transaksi!$M$2:$M$2001,0)+63-INDEX($Q$3:$Q$402,I66)-1) | N66: 64 | O66: =IF(N66<=$O$1,$O$1-N66+1,"") | P66: =IF(O66="",0,COUNTIF(Transaksi!$M$2:$M$2001,O66)+1) | Q66: =1+SUM(P$2:P65) | S66: =IF(I66="","",INDEX($O$3:$O$402,I66)) | T66: =IF(J66<>"H","",INDEX(Transaksi!$A$2:$A$2001,MATCH(S66,Transaksi!$M$2:$M$2001,0)))
A67: =IF(J67="E",IF(INDEX(Transaksi!$J$2:$J$2001,K67)>0,"↑","↓"),"") | B67: =IF(J67="H",CHOOSE(WEEKDAY(T67,2),"Isnin","Selasa","Rabu","Khamis","Jumaat","Sabtu","Ahad")&", "&DAY(T67)&" "&CHOOSE(MONTH(T67),"Jan","Feb","Mac","Apr","Mei","Jun","Jul","Ogo","Sep","Okt","Nov","Dis")&" "&YEAR(T67),IF(J67="E",IF(INDEX(Transaksi!$B$2:$B$2001,K67)="",INDEX(Transaksi!$C$2:$C$2001,K67)&" · "&INDEX(Transaksi!$D$2:$D$2001,K67),INDEX(Transaksi!$B$2:$B$2001,K67)),"")) | C67: =IF(J67="E",INDEX(Transaksi!$C$2:$C$2001,K67)&"","") | D67: =IF(J67="E",INDEX(Transaksi!$D$2:$D$2001,K67)&"","") | E67: =IF(J67="H",SUMIFS(Transaksi!$G$2:$G$2001,Transaksi!$M$2:$M$2001,"="&S67)+SUMIFS(Transaksi!$H$2:$H$2001,Transaksi!$M$2:$M$2001,"="&S67)+SUMIFS(Transaksi!$I$2:$I$2001,Transaksi!$M$2:$M$2001,"="&S67),IF(J67="E",IF(INDEX(Transaksi!$G$2:$G$2001,K67)+INDEX(Transaksi!$H$2:$H$2001,K67)+INDEX(Transaksi!$I$2:$I$2001,K67)=0,"",INDEX(Transaksi!$G$2:$G$2001,K67)+INDEX(Transaksi!$H$2:$H$2001,K67)+INDEX(Transaksi!$I$2:$I$2001,K67)),"")) | F67: =IF(J67="H",SUMIFS(Transaksi!$J$2:$J$2001,Transaksi!$M$2:$M$2001,"="&S67),IF(J67="E",IF(INDEX(Transaksi!$J$2:$J$2001,K67)=0,"",INDEX(Transaksi!$J$2:$J$2001,K67)),"")) | G67: =IF(J67="H",(SUMIFS(Transaksi!$G$2:$G$2001,Transaksi!$M$2:$M$2001,"<="&S67)+SUMIFS(Transaksi!$H$2:$H$2001,Transaksi!$M$2:$M$2001,"<="&S67)+SUMIFS(Transaksi!$I$2:$I$2001,Transaksi!$M$2:$M$2001,"<="&S67))-(SUMIFS(Transaksi!$J$2:$J$2001,Transaksi!$M$2:$M$2001,"<="&S67)),"") | I67: =IF(64>$O$2,"",MATCH(64,$Q$3:$Q$402,1)) | J67: =IF(I67="","",IF(64=INDEX($Q$3:$Q$402,I67),"H","E")) | K67: =IF(J67<>"E","",MATCH(S67,Transaksi!$M$2:$M$2001,0)+64-INDEX($Q$3:$Q$402,I67)-1) | N67: 65 | O67: =IF(N67<=$O$1,$O$1-N67+1,"") | P67: =IF(O67="",0,COUNTIF(Transaksi!$M$2:$M$2001,O67)+1) | Q67: =1+SUM(P$2:P66) | S67: =IF(I67="","",INDEX($O$3:$O$402,I67)) | T67: =IF(J67<>"H","",INDEX(Transaksi!$A$2:$A$2001,MATCH(S67,Transaksi!$M$2:$M$2001,0)))
A68: =IF(J68="E",IF(INDEX(Transaksi!$J$2:$J$2001,K68)>0,"↑","↓"),"") | B68: =IF(J68="H",CHOOSE(WEEKDAY(T68,2),"Isnin","Selasa","Rabu","Khamis","Jumaat","Sabtu","Ahad")&", "&DAY(T68)&" "&CHOOSE(MONTH(T68),"Jan","Feb","Mac","Apr","Mei","Jun","Jul","Ogo","Sep","Okt","Nov","Dis")&" "&YEAR(T68),IF(J68="E",IF(INDEX(Transaksi!$B$2:$B$2001,K68)="",INDEX(Transaksi!$C$2:$C$2001,K68)&" · "&INDEX(Transaksi!$D$2:$D$2001,K68),INDEX(Transaksi!$B$2:$B$2001,K68)),"")) | C68: =IF(J68="E",INDEX(Transaksi!$C$2:$C$2001,K68)&"","") | D68: =IF(J68="E",INDEX(Transaksi!$D$2:$D$2001,K68)&"","") | E68: =IF(J68="H",SUMIFS(Transaksi!$G$2:$G$2001,Transaksi!$M$2:$M$2001,"="&S68)+SUMIFS(Transaksi!$H$2:$H$2001,Transaksi!$M$2:$M$2001,"="&S68)+SUMIFS(Transaksi!$I$2:$I$2001,Transaksi!$M$2:$M$2001,"="&S68),IF(J68="E",IF(INDEX(Transaksi!$G$2:$G$2001,K68)+INDEX(Transaksi!$H$2:$H$2001,K68)+INDEX(Transaksi!$I$2:$I$2001,K68)=0,"",INDEX(Transaksi!$G$2:$G$2001,K68)+INDEX(Transaksi!$H$2:$H$2001,K68)+INDEX(Transaksi!$I$2:$I$2001,K68)),"")) | F68: =IF(J68="H",SUMIFS(Transaksi!$J$2:$J$2001,Transaksi!$M$2:$M$2001,"="&S68),IF(J68="E",IF(INDEX(Transaksi!$J$2:$J$2001,K68)=0,"",INDEX(Transaksi!$J$2:$J$2001,K68)),"")) | G68: =IF(J68="H",(SUMIFS(Transaksi!$G$2:$G$2001,Transaksi!$M$2:$M$2001,"<="&S68)+SUMIFS(Transaksi!$H$2:$H$2001,Transaksi!$M$2:$M$2001,"<="&S68)+SUMIFS(Transaksi!$I$2:$I$2001,Transaksi!$M$2:$M$2001,"<="&S68))-(SUMIFS(Transaksi!$J$2:$J$2001,Transaksi!$M$2:$M$2001,"<="&S68)),"") | I68: =IF(65>$O$2,"",MATCH(65,$Q$3:$Q$402,1)) | J68: =IF(I68="","",IF(65=INDEX($Q$3:$Q$402,I68),"H","E")) | K68: =IF(J68<>"E","",MATCH(S68,Transaksi!$M$2:$M$2001,0)+65-INDEX($Q$3:$Q$402,I68)-1) | N68: 66 | O68: =IF(N68<=$O$1,$O$1-N68+1,"") | P68: =IF(O68="",0,COUNTIF(Transaksi!$M$2:$M$2001,O68)+1) | Q68: =1+SUM(P$2:P67) | S68: =IF(I68="","",INDEX($O$3:$O$402,I68)) | T68: =IF(J68<>"H","",INDEX(Transaksi!$A$2:$A$2001,MATCH(S68,Transaksi!$M$2:$M$2001,0)))
A69: =IF(J69="E",IF(INDEX(Transaksi!$J$2:$J$2001,K69)>0,"↑","↓"),"") | B69: =IF(J69="H",CHOOSE(WEEKDAY(T69,2),"Isnin","Selasa","Rabu","Khamis","Jumaat","Sabtu","Ahad")&", "&DAY(T69)&" "&CHOOSE(MONTH(T69),"Jan","Feb","Mac","Apr","Mei","Jun","Jul","Ogo","Sep","Okt","Nov","Dis")&" "&YEAR(T69),IF(J69="E",IF(INDEX(Transaksi!$B$2:$B$2001,K69)="",INDEX(Transaksi!$C$2:$C$2001,K69)&" · "&INDEX(Transaksi!$D$2:$D$2001,K69),INDEX(Transaksi!$B$2:$B$2001,K69)),"")) | C69: =IF(J69="E",INDEX(Transaksi!$C$2:$C$2001,K69)&"","") | D69: =IF(J69="E",INDEX(Transaksi!$D$2:$D$2001,K69)&"","") | E69: =IF(J69="H",SUMIFS(Transaksi!$G$2:$G$2001,Transaksi!$M$2:$M$2001,"="&S69)+SUMIFS(Transaksi!$H$2:$H$2001,Transaksi!$M$2:$M$2001,"="&S69)+SUMIFS(Transaksi!$I$2:$I$2001,Transaksi!$M$2:$M$2001,"="&S69),IF(J69="E",IF(INDEX(Transaksi!$G$2:$G$2001,K69)+INDEX(Transaksi!$H$2:$H$2001,K69)+INDEX(Transaksi!$I$2:$I$2001,K69)=0,"",INDEX(Transaksi!$G$2:$G$2001,K69)+INDEX(Transaksi!$H$2:$H$2001,K69)+INDEX(Transaksi!$I$2:$I$2001,K69)),"")) | F69: =IF(J69="H",SUMIFS(Transaksi!$J$2:$J$2001,Transaksi!$M$2:$M$2001,"="&S69),IF(J69="E",IF(INDEX(Transaksi!$J$2:$J$2001,K69)=0,"",INDEX(Transaksi!$J$2:$J$2001,K69)),"")) | G69: =IF(J69="H",(SUMIFS(Transaksi!$G$2:$G$2001,Transaksi!$M$2:$M$2001,"<="&S69)+SUMIFS(Transaksi!$H$2:$H$2001,Transaksi!$M$2:$M$2001,"<="&S69)+SUMIFS(Transaksi!$I$2:$I$2001,Transaksi!$M$2:$M$2001,"<="&S69))-(SUMIFS(Transaksi!$J$2:$J$2001,Transaksi!$M$2:$M$2001,"<="&S69)),"") | I69: =IF(66>$O$2,"",MATCH(66,$Q$3:$Q$402,1)) | J69: =IF(I69="","",IF(66=INDEX($Q$3:$Q$402,I69),"H","E")) | K69: =IF(J69<>"E","",MATCH(S69,Transaksi!$M$2:$M$2001,0)+66-INDEX($Q$3:$Q$402,I69)-1) | N69: 67 | O69: =IF(N69<=$O$1,$O$1-N69+1,"") | P69: =IF(O69="",0,COUNTIF(Transaksi!$M$2:$M$2001,O69)+1) | Q69: =1+SUM(P$2:P68) | S69: =IF(I69="","",INDEX($O$3:$O$402,I69)) | T69: =IF(J69<>"H","",INDEX(Transaksi!$A$2:$A$2001,MATCH(S69,Transaksi!$M$2:$M$2001,0)))
A70: =IF(J70="E",IF(INDEX(Transaksi!$J$2:$J$2001,K70)>0,"↑","↓"),"") | B70: =IF(J70="H",CHOOSE(WEEKDAY(T70,2),"Isnin","Selasa","Rabu","Khamis","Jumaat","Sabtu","Ahad")&", "&DAY(T70)&" "&CHOOSE(MONTH(T70),"Jan","Feb","Mac","Apr","Mei","Jun","Jul","Ogo","Sep","Okt","Nov","Dis")&" "&YEAR(T70),IF(J70="E",IF(INDEX(Transaksi!$B$2:$B$2001,K70)="",INDEX(Transaksi!$C$2:$C$2001,K70)&" · "&INDEX(Transaksi!$D$2:$D$2001,K70),INDEX(Transaksi!$B$2:$B$2001,K70)),"")) | C70: =IF(J70="E",INDEX(Transaksi!$C$2:$C$2001,K70)&"","") | D70: =IF(J70="E",INDEX(Transaksi!$D$2:$D$2001,K70)&"","") | E70: =IF(J70="H",SUMIFS(Transaksi!$G$2:$G$2001,Transaksi!$M$2:$M$2001,"="&S70)+SUMIFS(Transaksi!$H$2:$H$2001,Transaksi!$M$2:$M$2001,"="&S70)+SUMIFS(Transaksi!$I$2:$I$2001,Transaksi!$M$2:$M$2001,"="&S70),IF(J70="E",IF(INDEX(Transaksi!$G$2:$G$2001,K70)+INDEX(Transaksi!$H$2:$H$2001,K70)+INDEX(Transaksi!$I$2:$I$2001,K70)=0,"",INDEX(Transaksi!$G$2:$G$2001,K70)+INDEX(Transaksi!$H$2:$H$2001,K70)+INDEX(Transaksi!$I$2:$I$2001,K70)),"")) | F70: =IF(J70="H",SUMIFS(Transaksi!$J$2:$J$2001,Transaksi!$M$2:$M$2001,"="&S70),IF(J70="E",IF(INDEX(Transaksi!$J$2:$J$2001,K70)=0,"",INDEX(Transaksi!$J$2:$J$2001,K70)),"")) | G70: =IF(J70="H",(SUMIFS(Transaksi!$G$2:$G$2001,Transaksi!$M$2:$M$2001,"<="&S70)+SUMIFS(Transaksi!$H$2:$H$2001,Transaksi!$M$2:$M$2001,"<="&S70)+SUMIFS(Transaksi!$I$2:$I$2001,Transaksi!$M$2:$M$2001,"<="&S70))-(SUMIFS(Transaksi!$J$2:$J$2001,Transaksi!$M$2:$M$2001,"<="&S70)),"") | I70: =IF(67>$O$2,"",MATCH(67,$Q$3:$Q$402,1)) | J70: =IF(I70="","",IF(67=INDEX($Q$3:$Q$402,I70),"H","E")) | K70: =IF(J70<>"E","",MATCH(S70,Transaksi!$M$2:$M$2001,0)+67-INDEX($Q$3:$Q$402,I70)-1) | N70: 68 | O70: =IF(N70<=$O$1,$O$1-N70+1,"") | P70: =IF(O70="",0,COUNTIF(Transaksi!$M$2:$M$2001,O70)+1) | Q70: =1+SUM(P$2:P69) | S70: =IF(I70="","",INDEX($O$3:$O$402,I70)) | T70: =IF(J70<>"H","",INDEX(Transaksi!$A$2:$A$2001,MATCH(S70,Transaksi!$M$2:$M$2001,0)))
A71: =IF(J71="E",IF(INDEX(Transaksi!$J$2:$J$2001,K71)>0,"↑","↓"),"") | B71: =IF(J71="H",CHOOSE(WEEKDAY(T71,2),"Isnin","Selasa","Rabu","Khamis","Jumaat","Sabtu","Ahad")&", "&DAY(T71)&" "&CHOOSE(MONTH(T71),"Jan","Feb","Mac","Apr","Mei","Jun","Jul","Ogo","Sep","Okt","Nov","Dis")&" "&YEAR(T71),IF(J71="E",IF(INDEX(Transaksi!$B$2:$B$2001,K71)="",INDEX(Transaksi!$C$2:$C$2001,K71)&" · "&INDEX(Transaksi!$D$2:$D$2001,K71),INDEX(Transaksi!$B$2:$B$2001,K71)),"")) | C71: =IF(J71="E",INDEX(Transaksi!$C$2:$C$2001,K71)&"","") | D71: =IF(J71="E",INDEX(Transaksi!$D$2:$D$2001,K71)&"","") | E71: =IF(J71="H",SUMIFS(Transaksi!$G$2:$G$2001,Transaksi!$M$2:$M$2001,"="&S71)+SUMIFS(Transaksi!$H$2:$H$2001,Transaksi!$M$2:$M$2001,"="&S71)+SUMIFS(Transaksi!$I$2:$I$2001,Transaksi!$M$2:$M$2001,"="&S71),IF(J71="E",IF(INDEX(Transaksi!$G$2:$G$2001,K71)+INDEX(Transaksi!$H$2:$H$2001,K71)+INDEX(Transaksi!$I$2:$I$2001,K71)=0,"",INDEX(Transaksi!$G$2:$G$2001,K71)+INDEX(Transaksi!$H$2:$H$2001,K71)+INDEX(Transaksi!$I$2:$I$2001,K71)),"")) | F71: =IF(J71="H",SUMIFS(Transaksi!$J$2:$J$2001,Transaksi!$M$2:$M$2001,"="&S71),IF(J71="E",IF(INDEX(Transaksi!$J$2:$J$2001,K71)=0,"",INDEX(Transaksi!$J$2:$J$2001,K71)),"")) | G71: =IF(J71="H",(SUMIFS(Transaksi!$G$2:$G$2001,Transaksi!$M$2:$M$2001,"<="&S71)+SUMIFS(Transaksi!$H$2:$H$2001,Transaksi!$M$2:$M$2001,"<="&S71)+SUMIFS(Transaksi!$I$2:$I$2001,Transaksi!$M$2:$M$2001,"<="&S71))-(SUMIFS(Transaksi!$J$2:$J$2001,Transaksi!$M$2:$M$2001,"<="&S71)),"") | I71: =IF(68>$O$2,"",MATCH(68,$Q$3:$Q$402,1)) | J71: =IF(I71="","",IF(68=INDEX($Q$3:$Q$402,I71),"H","E")) | K71: =IF(J71<>"E","",MATCH(S71,Transaksi!$M$2:$M$2001,0)+68-INDEX($Q$3:$Q$402,I71)-1) | N71: 69 | O71: =IF(N71<=$O$1,$O$1-N71+1,"") | P71: =IF(O71="",0,COUNTIF(Transaksi!$M$2:$M$2001,O71)+1) | Q71: =1+SUM(P$2:P70) | S71: =IF(I71="","",INDEX($O$3:$O$402,I71)) | T71: =IF(J71<>"H","",INDEX(Transaksi!$A$2:$A$2001,MATCH(S71,Transaksi!$M$2:$M$2001,0)))
A72: =IF(J72="E",IF(INDEX(Transaksi!$J$2:$J$2001,K72)>0,"↑","↓"),"") | B72: =IF(J72="H",CHOOSE(WEEKDAY(T72,2),"Isnin","Selasa","Rabu","Khamis","Jumaat","Sabtu","Ahad")&", "&DAY(T72)&" "&CHOOSE(MONTH(T72),"Jan","Feb","Mac","Apr","Mei","Jun","Jul","Ogo","Sep","Okt","Nov","Dis")&" "&YEAR(T72),IF(J72="E",IF(INDEX(Transaksi!$B$2:$B$2001,K72)="",INDEX(Transaksi!$C$2:$C$2001,K72)&" · "&INDEX(Transaksi!$D$2:$D$2001,K72),INDEX(Transaksi!$B$2:$B$2001,K72)),"")) | C72: =IF(J72="E",INDEX(Transaksi!$C$2:$C$2001,K72)&"","") | D72: =IF(J72="E",INDEX(Transaksi!$D$2:$D$2001,K72)&"","") | E72: =IF(J72="H",SUMIFS(Transaksi!$G$2:$G$2001,Transaksi!$M$2:$M$2001,"="&S72)+SUMIFS(Transaksi!$H$2:$H$2001,Transaksi!$M$2:$M$2001,"="&S72)+SUMIFS(Transaksi!$I$2:$I$2001,Transaksi!$M$2:$M$2001,"="&S72),IF(J72="E",IF(INDEX(Transaksi!$G$2:$G$2001,K72)+INDEX(Transaksi!$H$2:$H$2001,K72)+INDEX(Transaksi!$I$2:$I$2001,K72)=0,"",INDEX(Transaksi!$G$2:$G$2001,K72)+INDEX(Transaksi!$H$2:$H$2001,K72)+INDEX(Transaksi!$I$2:$I$2001,K72)),"")) | F72: =IF(J72="H",SUMIFS(Transaksi!$J$2:$J$2001,Transaksi!$M$2:$M$2001,"="&S72),IF(J72="E",IF(INDEX(Transaksi!$J$2:$J$2001,K72)=0,"",INDEX(Transaksi!$J$2:$J$2001,K72)),"")) | G72: =IF(J72="H",(SUMIFS(Transaksi!$G$2:$G$2001,Transaksi!$M$2:$M$2001,"<="&S72)+SUMIFS(Transaksi!$H$2:$H$2001,Transaksi!$M$2:$M$2001,"<="&S72)+SUMIFS(Transaksi!$I$2:$I$2001,Transaksi!$M$2:$M$2001,"<="&S72))-(SUMIFS(Transaksi!$J$2:$J$2001,Transaksi!$M$2:$M$2001,"<="&S72)),"") | I72: =IF(69>$O$2,"",MATCH(69,$Q$3:$Q$402,1)) | J72: =IF(I72="","",IF(69=INDEX($Q$3:$Q$402,I72),"H","E")) | K72: =IF(J72<>"E","",MATCH(S72,Transaksi!$M$2:$M$2001,0)+69-INDEX($Q$3:$Q$402,I72)-1) | N72: 70 | O72: =IF(N72<=$O$1,$O$1-N72+1,"") | P72: =IF(O72="",0,COUNTIF(Transaksi!$M$2:$M$2001,O72)+1) | Q72: =1+SUM(P$2:P71) | S72: =IF(I72="","",INDEX($O$3:$O$402,I72)) | T72: =IF(J72<>"H","",INDEX(Transaksi!$A$2:$A$2001,MATCH(S72,Transaksi!$M$2:$M$2001,0)))
A73: =IF(J73="E",IF(INDEX(Transaksi!$J$2:$J$2001,K73)>0,"↑","↓"),"") | B73: =IF(J73="H",CHOOSE(WEEKDAY(T73,2),"Isnin","Selasa","Rabu","Khamis","Jumaat","Sabtu","Ahad")&", "&DAY(T73)&" "&CHOOSE(MONTH(T73),"Jan","Feb","Mac","Apr","Mei","Jun","Jul","Ogo","Sep","Okt","Nov","Dis")&" "&YEAR(T73),IF(J73="E",IF(INDEX(Transaksi!$B$2:$B$2001,K73)="",INDEX(Transaksi!$C$2:$C$2001,K73)&" · "&INDEX(Transaksi!$D$2:$D$2001,K73),INDEX(Transaksi!$B$2:$B$2001,K73)),"")) | C73: =IF(J73="E",INDEX(Transaksi!$C$2:$C$2001,K73)&"","") | D73: =IF(J73="E",INDEX(Transaksi!$D$2:$D$2001,K73)&"","") | E73: =IF(J73="H",SUMIFS(Transaksi!$G$2:$G$2001,Transaksi!$M$2:$M$2001,"="&S73)+SUMIFS(Transaksi!$H$2:$H$2001,Transaksi!$M$2:$M$2001,"="&S73)+SUMIFS(Transaksi!$I$2:$I$2001,Transaksi!$M$2:$M$2001,"="&S73),IF(J73="E",IF(INDEX(Transaksi!$G$2:$G$2001,K73)+INDEX(Transaksi!$H$2:$H$2001,K73)+INDEX(Transaksi!$I$2:$I$2001,K73)=0,"",INDEX(Transaksi!$G$2:$G$2001,K73)+INDEX(Transaksi!$H$2:$H$2001,K73)+INDEX(Transaksi!$I$2:$I$2001,K73)),"")) | F73: =IF(J73="H",SUMIFS(Transaksi!$J$2:$J$2001,Transaksi!$M$2:$M$2001,"="&S73),IF(J73="E",IF(INDEX(Transaksi!$J$2:$J$2001,K73)=0,"",INDEX(Transaksi!$J$2:$J$2001,K73)),"")) | G73: =IF(J73="H",(SUMIFS(Transaksi!$G$2:$G$2001,Transaksi!$M$2:$M$2001,"<="&S73)+SUMIFS(Transaksi!$H$2:$H$2001,Transaksi!$M$2:$M$2001,"<="&S73)+SUMIFS(Transaksi!$I$2:$I$2001,Transaksi!$M$2:$M$2001,"<="&S73))-(SUMIFS(Transaksi!$J$2:$J$2001,Transaksi!$M$2:$M$2001,"<="&S73)),"") | I73: =IF(70>$O$2,"",MATCH(70,$Q$3:$Q$402,1)) | J73: =IF(I73="","",IF(70=INDEX($Q$3:$Q$402,I73),"H","E")) | K73: =IF(J73<>"E","",MATCH(S73,Transaksi!$M$2:$M$2001,0)+70-INDEX($Q$3:$Q$402,I73)-1) | N73: 71 | O73: =IF(N73<=$O$1,$O$1-N73+1,"") | P73: =IF(O73="",0,COUNTIF(Transaksi!$M$2:$M$2001,O73)+1) | Q73: =1+SUM(P$2:P72) | S73: =IF(I73="","",INDEX($O$3:$O$402,I73)) | T73: =IF(J73<>"H","",INDEX(Transaksi!$A$2:$A$2001,MATCH(S73,Transaksi!$M$2:$M$2001,0)))
A74: =IF(J74="E",IF(INDEX(Transaksi!$J$2:$J$2001,K74)>0,"↑","↓"),"") | B74: =IF(J74="H",CHOOSE(WEEKDAY(T74,2),"Isnin","Selasa","Rabu","Khamis","Jumaat","Sabtu","Ahad")&", "&DAY(T74)&" "&CHOOSE(MONTH(T74),"Jan","Feb","Mac","Apr","Mei","Jun","Jul","Ogo","Sep","Okt","Nov","Dis")&" "&YEAR(T74),IF(J74="E",IF(INDEX(Transaksi!$B$2:$B$2001,K74)="",INDEX(Transaksi!$C$2:$C$2001,K74)&" · "&INDEX(Transaksi!$D$2:$D$2001,K74),INDEX(Transaksi!$B$2:$B$2001,K74)),"")) | C74: =IF(J74="E",INDEX(Transaksi!$C$2:$C$2001,K74)&"","") | D74: =IF(J74="E",INDEX(Transaksi!$D$2:$D$2001,K74)&"","") | E74: =IF(J74="H",SUMIFS(Transaksi!$G$2:$G$2001,Transaksi!$M$2:$M$2001,"="&S74)+SUMIFS(Transaksi!$H$2:$H$2001,Transaksi!$M$2:$M$2001,"="&S74)+SUMIFS(Transaksi!$I$2:$I$2001,Transaksi!$M$2:$M$2001,"="&S74),IF(J74="E",IF(INDEX(Transaksi!$G$2:$G$2001,K74)+INDEX(Transaksi!$H$2:$H$2001,K74)+INDEX(Transaksi!$I$2:$I$2001,K74)=0,"",INDEX(Transaksi!$G$2:$G$2001,K74)+INDEX(Transaksi!$H$2:$H$2001,K74)+INDEX(Transaksi!$I$2:$I$2001,K74)),"")) | F74: =IF(J74="H",SUMIFS(Transaksi!$J$2:$J$2001,Transaksi!$M$2:$M$2001,"="&S74),IF(J74="E",IF(INDEX(Transaksi!$J$2:$J$2001,K74)=0,"",INDEX(Transaksi!$J$2:$J$2001,K74)),"")) | G74: =IF(J74="H",(SUMIFS(Transaksi!$G$2:$G$2001,Transaksi!$M$2:$M$2001,"<="&S74)+SUMIFS(Transaksi!$H$2:$H$2001,Transaksi!$M$2:$M$2001,"<="&S74)+SUMIFS(Transaksi!$I$2:$I$2001,Transaksi!$M$2:$M$2001,"<="&S74))-(SUMIFS(Transaksi!$J$2:$J$2001,Transaksi!$M$2:$M$2001,"<="&S74)),"") | I74: =IF(71>$O$2,"",MATCH(71,$Q$3:$Q$402,1)) | J74: =IF(I74="","",IF(71=INDEX($Q$3:$Q$402,I74),"H","E")) | K74: =IF(J74<>"E","",MATCH(S74,Transaksi!$M$2:$M$2001,0)+71-INDEX($Q$3:$Q$402,I74)-1) | N74: 72 | O74: =IF(N74<=$O$1,$O$1-N74+1,"") | P74: =IF(O74="",0,COUNTIF(Transaksi!$M$2:$M$2001,O74)+1) | Q74: =1+SUM(P$2:P73) | S74: =IF(I74="","",INDEX($O$3:$O$402,I74)) | T74: =IF(J74<>"H","",INDEX(Transaksi!$A$2:$A$2001,MATCH(S74,Transaksi!$M$2:$M$2001,0)))
A75: =IF(J75="E",IF(INDEX(Transaksi!$J$2:$J$2001,K75)>0,"↑","↓"),"") | B75: =IF(J75="H",CHOOSE(WEEKDAY(T75,2),"Isnin","Selasa","Rabu","Khamis","Jumaat","Sabtu","Ahad")&", "&DAY(T75)&" "&CHOOSE(MONTH(T75),"Jan","Feb","Mac","Apr","Mei","Jun","Jul","Ogo","Sep","Okt","Nov","Dis")&" "&YEAR(T75),IF(J75="E",IF(INDEX(Transaksi!$B$2:$B$2001,K75)="",INDEX(Transaksi!$C$2:$C$2001,K75)&" · "&INDEX(Transaksi!$D$2:$D$2001,K75),INDEX(Transaksi!$B$2:$B$2001,K75)),"")) | C75: =IF(J75="E",INDEX(Transaksi!$C$2:$C$2001,K75)&"","") | D75: =IF(J75="E",INDEX(Transaksi!$D$2:$D$2001,K75)&"","") | E75: =IF(J75="H",SUMIFS(Transaksi!$G$2:$G$2001,Transaksi!$M$2:$M$2001,"="&S75)+SUMIFS(Transaksi!$H$2:$H$2001,Transaksi!$M$2:$M$2001,"="&S75)+SUMIFS(Transaksi!$I$2:$I$2001,Transaksi!$M$2:$M$2001,"="&S75),IF(J75="E",IF(INDEX(Transaksi!$G$2:$G$2001,K75)+INDEX(Transaksi!$H$2:$H$2001,K75)+INDEX(Transaksi!$I$2:$I$2001,K75)=0,"",INDEX(Transaksi!$G$2:$G$2001,K75)+INDEX(Transaksi!$H$2:$H$2001,K75)+INDEX(Transaksi!$I$2:$I$2001,K75)),"")) | F75: =IF(J75="H",SUMIFS(Transaksi!$J$2:$J$2001,Transaksi!$M$2:$M$2001,"="&S75),IF(J75="E",IF(INDEX(Transaksi!$J$2:$J$2001,K75)=0,"",INDEX(Transaksi!$J$2:$J$2001,K75)),"")) | G75: =IF(J75="H",(SUMIFS(Transaksi!$G$2:$G$2001,Transaksi!$M$2:$M$2001,"<="&S75)+SUMIFS(Transaksi!$H$2:$H$2001,Transaksi!$M$2:$M$2001,"<="&S75)+SUMIFS(Transaksi!$I$2:$I$2001,Transaksi!$M$2:$M$2001,"<="&S75))-(SUMIFS(Transaksi!$J$2:$J$2001,Transaksi!$M$2:$M$2001,"<="&S75)),"") | I75: =IF(72>$O$2,"",MATCH(72,$Q$3:$Q$402,1)) | J75: =IF(I75="","",IF(72=INDEX($Q$3:$Q$402,I75),"H","E")) | K75: =IF(J75<>"E","",MATCH(S75,Transaksi!$M$2:$M$2001,0)+72-INDEX($Q$3:$Q$402,I75)-1) | N75: 73 | O75: =IF(N75<=$O$1,$O$1-N75+1,"") | P75: =IF(O75="",0,COUNTIF(Transaksi!$M$2:$M$2001,O75)+1) | Q75: =1+SUM(P$2:P74) | S75: =IF(I75="","",INDEX($O$3:$O$402,I75)) | T75: =IF(J75<>"H","",INDEX(Transaksi!$A$2:$A$2001,MATCH(S75,Transaksi!$M$2:$M$2001,0)))
A76: =IF(J76="E",IF(INDEX(Transaksi!$J$2:$J$2001,K76)>0,"↑","↓"),"") | B76: =IF(J76="H",CHOOSE(WEEKDAY(T76,2),"Isnin","Selasa","Rabu","Khamis","Jumaat","Sabtu","Ahad")&", "&DAY(T76)&" "&CHOOSE(MONTH(T76),"Jan","Feb","Mac","Apr","Mei","Jun","Jul","Ogo","Sep","Okt","Nov","Dis")&" "&YEAR(T76),IF(J76="E",IF(INDEX(Transaksi!$B$2:$B$2001,K76)="",INDEX(Transaksi!$C$2:$C$2001,K76)&" · "&INDEX(Transaksi!$D$2:$D$2001,K76),INDEX(Transaksi!$B$2:$B$2001,K76)),"")) | C76: =IF(J76="E",INDEX(Transaksi!$C$2:$C$2001,K76)&"","") | D76: =IF(J76="E",INDEX(Transaksi!$D$2:$D$2001,K76)&"","") | E76: =IF(J76="H",SUMIFS(Transaksi!$G$2:$G$2001,Transaksi!$M$2:$M$2001,"="&S76)+SUMIFS(Transaksi!$H$2:$H$2001,Transaksi!$M$2:$M$2001,"="&S76)+SUMIFS(Transaksi!$I$2:$I$2001,Transaksi!$M$2:$M$2001,"="&S76),IF(J76="E",IF(INDEX(Transaksi!$G$2:$G$2001,K76)+INDEX(Transaksi!$H$2:$H$2001,K76)+INDEX(Transaksi!$I$2:$I$2001,K76)=0,"",INDEX(Transaksi!$G$2:$G$2001,K76)+INDEX(Transaksi!$H$2:$H$2001,K76)+INDEX(Transaksi!$I$2:$I$2001,K76)),"")) | F76: =IF(J76="H",SUMIFS(Transaksi!$J$2:$J$2001,Transaksi!$M$2:$M$2001,"="&S76),IF(J76="E",IF(INDEX(Transaksi!$J$2:$J$2001,K76)=0,"",INDEX(Transaksi!$J$2:$J$2001,K76)),"")) | G76: =IF(J76="H",(SUMIFS(Transaksi!$G$2:$G$2001,Transaksi!$M$2:$M$2001,"<="&S76)+SUMIFS(Transaksi!$H$2:$H$2001,Transaksi!$M$2:$M$2001,"<="&S76)+SUMIFS(Transaksi!$I$2:$I$2001,Transaksi!$M$2:$M$2001,"<="&S76))-(SUMIFS(Transaksi!$J$2:$J$2001,Transaksi!$M$2:$M$2001,"<="&S76)),"") | I76: =IF(73>$O$2,"",MATCH(73,$Q$3:$Q$402,1)) | J76: =IF(I76="","",IF(73=INDEX($Q$3:$Q$402,I76),"H","E")) | K76: =IF(J76<>"E","",MATCH(S76,Transaksi!$M$2:$M$2001,0)+73-INDEX($Q$3:$Q$402,I76)-1) | N76: 74 | O76: =IF(N76<=$O$1,$O$1-N76+1,"") | P76: =IF(O76="",0,COUNTIF(Transaksi!$M$2:$M$2001,O76)+1) | Q76: =1+SUM(P$2:P75) | S76: =IF(I76="","",INDEX($O$3:$O$402,I76)) | T76: =IF(J76<>"H","",INDEX(Transaksi!$A$2:$A$2001,MATCH(S76,Transaksi!$M$2:$M$2001,0)))
A77: =IF(J77="E",IF(INDEX(Transaksi!$J$2:$J$2001,K77)>0,"↑","↓"),"") | B77: =IF(J77="H",CHOOSE(WEEKDAY(T77,2),"Isnin","Selasa","Rabu","Khamis","Jumaat","Sabtu","Ahad")&", "&DAY(T77)&" "&CHOOSE(MONTH(T77),"Jan","Feb","Mac","Apr","Mei","Jun","Jul","Ogo","Sep","Okt","Nov","Dis")&" "&YEAR(T77),IF(J77="E",IF(INDEX(Transaksi!$B$2:$B$2001,K77)="",INDEX(Transaksi!$C$2:$C$2001,K77)&" · "&INDEX(Transaksi!$D$2:$D$2001,K77),INDEX(Transaksi!$B$2:$B$2001,K77)),"")) | C77: =IF(J77="E",INDEX(Transaksi!$C$2:$C$2001,K77)&"","") | D77: =IF(J77="E",INDEX(Transaksi!$D$2:$D$2001,K77)&"","") | E77: =IF(J77="H",SUMIFS(Transaksi!$G$2:$G$2001,Transaksi!$M$2:$M$2001,"="&S77)+SUMIFS(Transaksi!$H$2:$H$2001,Transaksi!$M$2:$M$2001,"="&S77)+SUMIFS(Transaksi!$I$2:$I$2001,Transaksi!$M$2:$M$2001,"="&S77),IF(J77="E",IF(INDEX(Transaksi!$G$2:$G$2001,K77)+INDEX(Transaksi!$H$2:$H$2001,K77)+INDEX(Transaksi!$I$2:$I$2001,K77)=0,"",INDEX(Transaksi!$G$2:$G$2001,K77)+INDEX(Transaksi!$H$2:$H$2001,K77)+INDEX(Transaksi!$I$2:$I$2001,K77)),"")) | F77: =IF(J77="H",SUMIFS(Transaksi!$J$2:$J$2001,Transaksi!$M$2:$M$2001,"="&S77),IF(J77="E",IF(INDEX(Transaksi!$J$2:$J$2001,K77)=0,"",INDEX(Transaksi!$J$2:$J$2001,K77)),"")) | G77: =IF(J77="H",(SUMIFS(Transaksi!$G$2:$G$2001,Transaksi!$M$2:$M$2001,"<="&S77)+SUMIFS(Transaksi!$H$2:$H$2001,Transaksi!$M$2:$M$2001,"<="&S77)+SUMIFS(Transaksi!$I$2:$I$2001,Transaksi!$M$2:$M$2001,"<="&S77))-(SUMIFS(Transaksi!$J$2:$J$2001,Transaksi!$M$2:$M$2001,"<="&S77)),"") | I77: =IF(74>$O$2,"",MATCH(74,$Q$3:$Q$402,1)) | J77: =IF(I77="","",IF(74=INDEX($Q$3:$Q$402,I77),"H","E")) | K77: =IF(J77<>"E","",MATCH(S77,Transaksi!$M$2:$M$2001,0)+74-INDEX($Q$3:$Q$402,I77)-1) | N77: 75 | O77: =IF(N77<=$O$1,$O$1-N77+1,"") | P77: =IF(O77="",0,COUNTIF(Transaksi!$M$2:$M$2001,O77)+1) | Q77: =1+SUM(P$2:P76) | S77: =IF(I77="","",INDEX($O$3:$O$402,I77)) | T77: =IF(J77<>"H","",INDEX(Transaksi!$A$2:$A$2001,MATCH(S77,Transaksi!$M$2:$M$2001,0)))
A78: =IF(J78="E",IF(INDEX(Transaksi!$J$2:$J$2001,K78)>0,"↑","↓"),"") | B78: =IF(J78="H",CHOOSE(WEEKDAY(T78,2),"Isnin","Selasa","Rabu","Khamis","Jumaat","Sabtu","Ahad")&", "&DAY(T78)&" "&CHOOSE(MONTH(T78),"Jan","Feb","Mac","Apr","Mei","Jun","Jul","Ogo","Sep","Okt","Nov","Dis")&" "&YEAR(T78),IF(J78="E",IF(INDEX(Transaksi!$B$2:$B$2001,K78)="",INDEX(Transaksi!$C$2:$C$2001,K78)&" · "&INDEX(Transaksi!$D$2:$D$2001,K78),INDEX(Transaksi!$B$2:$B$2001,K78)),"")) | C78: =IF(J78="E",INDEX(Transaksi!$C$2:$C$2001,K78)&"","") | D78: =IF(J78="E",INDEX(Transaksi!$D$2:$D$2001,K78)&"","") | E78: =IF(J78="H",SUMIFS(Transaksi!$G$2:$G$2001,Transaksi!$M$2:$M$2001,"="&S78)+SUMIFS(Transaksi!$H$2:$H$2001,Transaksi!$M$2:$M$2001,"="&S78)+SUMIFS(Transaksi!$I$2:$I$2001,Transaksi!$M$2:$M$2001,"="&S78),IF(J78="E",IF(INDEX(Transaksi!$G$2:$G$2001,K78)+INDEX(Transaksi!$H$2:$H$2001,K78)+INDEX(Transaksi!$I$2:$I$2001,K78)=0,"",INDEX(Transaksi!$G$2:$G$2001,K78)+INDEX(Transaksi!$H$2:$H$2001,K78)+INDEX(Transaksi!$I$2:$I$2001,K78)),"")) | F78: =IF(J78="H",SUMIFS(Transaksi!$J$2:$J$2001,Transaksi!$M$2:$M$2001,"="&S78),IF(J78="E",IF(INDEX(Transaksi!$J$2:$J$2001,K78)=0,"",INDEX(Transaksi!$J$2:$J$2001,K78)),"")) | G78: =IF(J78="H",(SUMIFS(Transaksi!$G$2:$G$2001,Transaksi!$M$2:$M$2001,"<="&S78)+SUMIFS(Transaksi!$H$2:$H$2001,Transaksi!$M$2:$M$2001,"<="&S78)+SUMIFS(Transaksi!$I$2:$I$2001,Transaksi!$M$2:$M$2001,"<="&S78))-(SUMIFS(Transaksi!$J$2:$J$2001,Transaksi!$M$2:$M$2001,"<="&S78)),"") | I78: =IF(75>$O$2,"",MATCH(75,$Q$3:$Q$402,1)) | J78: =IF(I78="","",IF(75=INDEX($Q$3:$Q$402,I78),"H","E")) | K78: =IF(J78<>"E","",MATCH(S78,Transaksi!$M$2:$M$2001,0)+75-INDEX($Q$3:$Q$402,I78)-1) | N78: 76 | O78: =IF(N78<=$O$1,$O$1-N78+1,"") | P78: =IF(O78="",0,COUNTIF(Transaksi!$M$2:$M$2001,O78)+1) | Q78: =1+SUM(P$2:P77) | S78: =IF(I78="","",INDEX($O$3:$O$402,I78)) | T78: =IF(J78<>"H","",INDEX(Transaksi!$A$2:$A$2001,MATCH(S78,Transaksi!$M$2:$M$2001,0)))
A79: =IF(J79="E",IF(INDEX(Transaksi!$J$2:$J$2001,K79)>0,"↑","↓"),"") | B79: =IF(J79="H",CHOOSE(WEEKDAY(T79,2),"Isnin","Selasa","Rabu","Khamis","Jumaat","Sabtu","Ahad")&", "&DAY(T79)&" "&CHOOSE(MONTH(T79),"Jan","Feb","Mac","Apr","Mei","Jun","Jul","Ogo","Sep","Okt","Nov","Dis")&" "&YEAR(T79),IF(J79="E",IF(INDEX(Transaksi!$B$2:$B$2001,K79)="",INDEX(Transaksi!$C$2:$C$2001,K79)&" · "&INDEX(Transaksi!$D$2:$D$2001,K79),INDEX(Transaksi!$B$2:$B$2001,K79)),"")) | C79: =IF(J79="E",INDEX(Transaksi!$C$2:$C$2001,K79)&"","") | D79: =IF(J79="E",INDEX(Transaksi!$D$2:$D$2001,K79)&"","") | E79: =IF(J79="H",SUMIFS(Transaksi!$G$2:$G$2001,Transaksi!$M$2:$M$2001,"="&S79)+SUMIFS(Transaksi!$H$2:$H$2001,Transaksi!$M$2:$M$2001,"="&S79)+SUMIFS(Transaksi!$I$2:$I$2001,Transaksi!$M$2:$M$2001,"="&S79),IF(J79="E",IF(INDEX(Transaksi!$G$2:$G$2001,K79)+INDEX(Transaksi!$H$2:$H$2001,K79)+INDEX(Transaksi!$I$2:$I$2001,K79)=0,"",INDEX(Transaksi!$G$2:$G$2001,K79)+INDEX(Transaksi!$H$2:$H$2001,K79)+INDEX(Transaksi!$I$2:$I$2001,K79)),"")) | F79: =IF(J79="H",SUMIFS(Transaksi!$J$2:$J$2001,Transaksi!$M$2:$M$2001,"="&S79),IF(J79="E",IF(INDEX(Transaksi!$J$2:$J$2001,K79)=0,"",INDEX(Transaksi!$J$2:$J$2001,K79)),"")) | G79: =IF(J79="H",(SUMIFS(Transaksi!$G$2:$G$2001,Transaksi!$M$2:$M$2001,"<="&S79)+SUMIFS(Transaksi!$H$2:$H$2001,Transaksi!$M$2:$M$2001,"<="&S79)+SUMIFS(Transaksi!$I$2:$I$2001,Transaksi!$M$2:$M$2001,"<="&S79))-(SUMIFS(Transaksi!$J$2:$J$2001,Transaksi!$M$2:$M$2001,"<="&S79)),"") | I79: =IF(76>$O$2,"",MATCH(76,$Q$3:$Q$402,1)) | J79: =IF(I79="","",IF(76=INDEX($Q$3:$Q$402,I79),"H","E")) | K79: =IF(J79<>"E","",MATCH(S79,Transaksi!$M$2:$M$2001,0)+76-INDEX($Q$3:$Q$402,I79)-1) | N79: 77 | O79: =IF(N79<=$O$1,$O$1-N79+1,"") | P79: =IF(O79="",0,COUNTIF(Transaksi!$M$2:$M$2001,O79)+1) | Q79: =1+SUM(P$2:P78) | S79: =IF(I79="","",INDEX($O$3:$O$402,I79)) | T79: =IF(J79<>"H","",INDEX(Transaksi!$A$2:$A$2001,MATCH(S79,Transaksi!$M$2:$M$2001,0)))
A80: =IF(J80="E",IF(INDEX(Transaksi!$J$2:$J$2001,K80)>0,"↑","↓"),"") | B80: =IF(J80="H",CHOOSE(WEEKDAY(T80,2),"Isnin","Selasa","Rabu","Khamis","Jumaat","Sabtu","Ahad")&", "&DAY(T80)&" "&CHOOSE(MONTH(T80),"Jan","Feb","Mac","Apr","Mei","Jun","Jul","Ogo","Sep","Okt","Nov","Dis")&" "&YEAR(T80),IF(J80="E",IF(INDEX(Transaksi!$B$2:$B$2001,K80)="",INDEX(Transaksi!$C$2:$C$2001,K80)&" · "&INDEX(Transaksi!$D$2:$D$2001,K80),INDEX(Transaksi!$B$2:$B$2001,K80)),"")) | C80: =IF(J80="E",INDEX(Transaksi!$C$2:$C$2001,K80)&"","") | D80: =IF(J80="E",INDEX(Transaksi!$D$2:$D$2001,K80)&"","") | E80: =IF(J80="H",SUMIFS(Transaksi!$G$2:$G$2001,Transaksi!$M$2:$M$2001,"="&S80)+SUMIFS(Transaksi!$H$2:$H$2001,Transaksi!$M$2:$M$2001,"="&S80)+SUMIFS(Transaksi!$I$2:$I$2001,Transaksi!$M$2:$M$2001,"="&S80),IF(J80="E",IF(INDEX(Transaksi!$G$2:$G$2001,K80)+INDEX(Transaksi!$H$2:$H$2001,K80)+INDEX(Transaksi!$I$2:$I$2001,K80)=0,"",INDEX(Transaksi!$G$2:$G$2001,K80)+INDEX(Transaksi!$H$2:$H$2001,K80)+INDEX(Transaksi!$I$2:$I$2001,K80)),"")) | F80: =IF(J80="H",SUMIFS(Transaksi!$J$2:$J$2001,Transaksi!$M$2:$M$2001,"="&S80),IF(J80="E",IF(INDEX(Transaksi!$J$2:$J$2001,K80)=0,"",INDEX(Transaksi!$J$2:$J$2001,K80)),"")) | G80: =IF(J80="H",(SUMIFS(Transaksi!$G$2:$G$2001,Transaksi!$M$2:$M$2001,"<="&S80)+SUMIFS(Transaksi!$H$2:$H$2001,Transaksi!$M$2:$M$2001,"<="&S80)+SUMIFS(Transaksi!$I$2:$I$2001,Transaksi!$M$2:$M$2001,"<="&S80))-(SUMIFS(Transaksi!$J$2:$J$2001,Transaksi!$M$2:$M$2001,"<="&S80)),"") | I80: =IF(77>$O$2,"",MATCH(77,$Q$3:$Q$402,1)) | J80: =IF(I80="","",IF(77=INDEX($Q$3:$Q$402,I80),"H","E")) | K80: =IF(J80<>"E","",MATCH(S80,Transaksi!$M$2:$M$2001,0)+77-INDEX($Q$3:$Q$402,I80)-1) | N80: 78 | O80: =IF(N80<=$O$1,$O$1-N80+1,"") | P80: =IF(O80="",0,COUNTIF(Transaksi!$M$2:$M$2001,O80)+1) | Q80: =1+SUM(P$2:P79) | S80: =IF(I80="","",INDEX($O$3:$O$402,I80)) | T80: =IF(J80<>"H","",INDEX(Transaksi!$A$2:$A$2001,MATCH(S80,Transaksi!$M$2:$M$2001,0)))
A81: =IF(J81="E",IF(INDEX(Transaksi!$J$2:$J$2001,K81)>0,"↑","↓"),"") | B81: =IF(J81="H",CHOOSE(WEEKDAY(T81,2),"Isnin","Selasa","Rabu","Khamis","Jumaat","Sabtu","Ahad")&", "&DAY(T81)&" "&CHOOSE(MONTH(T81),"Jan","Feb","Mac","Apr","Mei","Jun","Jul","Ogo","Sep","Okt","Nov","Dis")&" "&YEAR(T81),IF(J81="E",IF(INDEX(Transaksi!$B$2:$B$2001,K81)="",INDEX(Transaksi!$C$2:$C$2001,K81)&" · "&INDEX(Transaksi!$D$2:$D$2001,K81),INDEX(Transaksi!$B$2:$B$2001,K81)),"")) | C81: =IF(J81="E",INDEX(Transaksi!$C$2:$C$2001,K81)&"","") | D81: =IF(J81="E",INDEX(Transaksi!$D$2:$D$2001,K81)&"","") | E81: =IF(J81="H",SUMIFS(Transaksi!$G$2:$G$2001,Transaksi!$M$2:$M$2001,"="&S81)+SUMIFS(Transaksi!$H$2:$H$2001,Transaksi!$M$2:$M$2001,"="&S81)+SUMIFS(Transaksi!$I$2:$I$2001,Transaksi!$M$2:$M$2001,"="&S81),IF(J81="E",IF(INDEX(Transaksi!$G$2:$G$2001,K81)+INDEX(Transaksi!$H$2:$H$2001,K81)+INDEX(Transaksi!$I$2:$I$2001,K81)=0,"",INDEX(Transaksi!$G$2:$G$2001,K81)+INDEX(Transaksi!$H$2:$H$2001,K81)+INDEX(Transaksi!$I$2:$I$2001,K81)),"")) | F81: =IF(J81="H",SUMIFS(Transaksi!$J$2:$J$2001,Transaksi!$M$2:$M$2001,"="&S81),IF(J81="E",IF(INDEX(Transaksi!$J$2:$J$2001,K81)=0,"",INDEX(Transaksi!$J$2:$J$2001,K81)),"")) | G81: =IF(J81="H",(SUMIFS(Transaksi!$G$2:$G$2001,Transaksi!$M$2:$M$2001,"<="&S81)+SUMIFS(Transaksi!$H$2:$H$2001,Transaksi!$M$2:$M$2001,"<="&S81)+SUMIFS(Transaksi!$I$2:$I$2001,Transaksi!$M$2:$M$2001,"<="&S81))-(SUMIFS(Transaksi!$J$2:$J$2001,Transaksi!$M$2:$M$2001,"<="&S81)),"") | I81: =IF(78>$O$2,"",MATCH(78,$Q$3:$Q$402,1)) | J81: =IF(I81="","",IF(78=INDEX($Q$3:$Q$402,I81),"H","E")) | K81: =IF(J81<>"E","",MATCH(S81,Transaksi!$M$2:$M$2001,0)+78-INDEX($Q$3:$Q$402,I81)-1) | N81: 79 | O81: =IF(N81<=$O$1,$O$1-N81+1,"") | P81: =IF(O81="",0,COUNTIF(Transaksi!$M$2:$M$2001,O81)+1) | Q81: =1+SUM(P$2:P80) | S81: =IF(I81="","",INDEX($O$3:$O$402,I81)) | T81: =IF(J81<>"H","",INDEX(Transaksi!$A$2:$A$2001,MATCH(S81,Transaksi!$M$2:$M$2001,0)))
A82: =IF(J82="E",IF(INDEX(Transaksi!$J$2:$J$2001,K82)>0,"↑","↓"),"") | B82: =IF(J82="H",CHOOSE(WEEKDAY(T82,2),"Isnin","Selasa","Rabu","Khamis","Jumaat","Sabtu","Ahad")&", "&DAY(T82)&" "&CHOOSE(MONTH(T82),"Jan","Feb","Mac","Apr","Mei","Jun","Jul","Ogo","Sep","Okt","Nov","Dis")&" "&YEAR(T82),IF(J82="E",IF(INDEX(Transaksi!$B$2:$B$2001,K82)="",INDEX(Transaksi!$C$2:$C$2001,K82)&" · "&INDEX(Transaksi!$D$2:$D$2001,K82),INDEX(Transaksi!$B$2:$B$2001,K82)),"")) | C82: =IF(J82="E",INDEX(Transaksi!$C$2:$C$2001,K82)&"","") | D82: =IF(J82="E",INDEX(Transaksi!$D$2:$D$2001,K82)&"","") | E82: =IF(J82="H",SUMIFS(Transaksi!$G$2:$G$2001,Transaksi!$M$2:$M$2001,"="&S82)+SUMIFS(Transaksi!$H$2:$H$2001,Transaksi!$M$2:$M$2001,"="&S82)+SUMIFS(Transaksi!$I$2:$I$2001,Transaksi!$M$2:$M$2001,"="&S82),IF(J82="E",IF(INDEX(Transaksi!$G$2:$G$2001,K82)+INDEX(Transaksi!$H$2:$H$2001,K82)+INDEX(Transaksi!$I$2:$I$2001,K82)=0,"",INDEX(Transaksi!$G$2:$G$2001,K82)+INDEX(Transaksi!$H$2:$H$2001,K82)+INDEX(Transaksi!$I$2:$I$2001,K82)),"")) | F82: =IF(J82="H",SUMIFS(Transaksi!$J$2:$J$2001,Transaksi!$M$2:$M$2001,"="&S82),IF(J82="E",IF(INDEX(Transaksi!$J$2:$J$2001,K82)=0,"",INDEX(Transaksi!$J$2:$J$2001,K82)),"")) | G82: =IF(J82="H",(SUMIFS(Transaksi!$G$2:$G$2001,Transaksi!$M$2:$M$2001,"<="&S82)+SUMIFS(Transaksi!$H$2:$H$2001,Transaksi!$M$2:$M$2001,"<="&S82)+SUMIFS(Transaksi!$I$2:$I$2001,Transaksi!$M$2:$M$2001,"<="&S82))-(SUMIFS(Transaksi!$J$2:$J$2001,Transaksi!$M$2:$M$2001,"<="&S82)),"") | I82: =IF(79>$O$2,"",MATCH(79,$Q$3:$Q$402,1)) | J82: =IF(I82="","",IF(79=INDEX($Q$3:$Q$402,I82),"H","E")) | K82: =IF(J82<>"E","",MATCH(S82,Transaksi!$M$2:$M$2001,0)+79-INDEX($Q$3:$Q$402,I82)-1) | N82: 80 | O82: =IF(N82<=$O$1,$O$1-N82+1,"") | P82: =IF(O82="",0,COUNTIF(Transaksi!$M$2:$M$2001,O82)+1) | Q82: =1+SUM(P$2:P81) | S82: =IF(I82="","",INDEX($O$3:$O$402,I82)) | T82: =IF(J82<>"H","",INDEX(Transaksi!$A$2:$A$2001,MATCH(S82,Transaksi!$M$2:$M$2001,0)))
A83: =IF(J83="E",IF(INDEX(Transaksi!$J$2:$J$2001,K83)>0,"↑","↓"),"") | B83: =IF(J83="H",CHOOSE(WEEKDAY(T83,2),"Isnin","Selasa","Rabu","Khamis","Jumaat","Sabtu","Ahad")&", "&DAY(T83)&" "&CHOOSE(MONTH(T83),"Jan","Feb","Mac","Apr","Mei","Jun","Jul","Ogo","Sep","Okt","Nov","Dis")&" "&YEAR(T83),IF(J83="E",IF(INDEX(Transaksi!$B$2:$B$2001,K83)="",INDEX(Transaksi!$C$2:$C$2001,K83)&" · "&INDEX(Transaksi!$D$2:$D$2001,K83),INDEX(Transaksi!$B$2:$B$2001,K83)),"")) | C83: =IF(J83="E",INDEX(Transaksi!$C$2:$C$2001,K83)&"","") | D83: =IF(J83="E",INDEX(Transaksi!$D$2:$D$2001,K83)&"","") | E83: =IF(J83="H",SUMIFS(Transaksi!$G$2:$G$2001,Transaksi!$M$2:$M$2001,"="&S83)+SUMIFS(Transaksi!$H$2:$H$2001,Transaksi!$M$2:$M$2001,"="&S83)+SUMIFS(Transaksi!$I$2:$I$2001,Transaksi!$M$2:$M$2001,"="&S83),IF(J83="E",IF(INDEX(Transaksi!$G$2:$G$2001,K83)+INDEX(Transaksi!$H$2:$H$2001,K83)+INDEX(Transaksi!$I$2:$I$2001,K83)=0,"",INDEX(Transaksi!$G$2:$G$2001,K83)+INDEX(Transaksi!$H$2:$H$2001,K83)+INDEX(Transaksi!$I$2:$I$2001,K83)),"")) | F83: =IF(J83="H",SUMIFS(Transaksi!$J$2:$J$2001,Transaksi!$M$2:$M$2001,"="&S83),IF(J83="E",IF(INDEX(Transaksi!$J$2:$J$2001,K83)=0,"",INDEX(Transaksi!$J$2:$J$2001,K83)),"")) | G83: =IF(J83="H",(SUMIFS(Transaksi!$G$2:$G$2001,Transaksi!$M$2:$M$2001,"<="&S83)+SUMIFS(Transaksi!$H$2:$H$2001,Transaksi!$M$2:$M$2001,"<="&S83)+SUMIFS(Transaksi!$I$2:$I$2001,Transaksi!$M$2:$M$2001,"<="&S83))-(SUMIFS(Transaksi!$J$2:$J$2001,Transaksi!$M$2:$M$2001,"<="&S83)),"") | I83: =IF(80>$O$2,"",MATCH(80,$Q$3:$Q$402,1)) | J83: =IF(I83="","",IF(80=INDEX($Q$3:$Q$402,I83),"H","E")) | K83: =IF(J83<>"E","",MATCH(S83,Transaksi!$M$2:$M$2001,0)+80-INDEX($Q$3:$Q$402,I83)-1) | N83: 81 | O83: =IF(N83<=$O$1,$O$1-N83+1,"") | P83: =IF(O83="",0,COUNTIF(Transaksi!$M$2:$M$2001,O83)+1) | Q83: =1+SUM(P$2:P82) | S83: =IF(I83="","",INDEX($O$3:$O$402,I83)) | T83: =IF(J83<>"H","",INDEX(Transaksi!$A$2:$A$2001,MATCH(S83,Transaksi!$M$2:$M$2001,0)))
A84: =IF(J84="E",IF(INDEX(Transaksi!$J$2:$J$2001,K84)>0,"↑","↓"),"") | B84: =IF(J84="H",CHOOSE(WEEKDAY(T84,2),"Isnin","Selasa","Rabu","Khamis","Jumaat","Sabtu","Ahad")&", "&DAY(T84)&" "&CHOOSE(MONTH(T84),"Jan","Feb","Mac","Apr","Mei","Jun","Jul","Ogo","Sep","Okt","Nov","Dis")&" "&YEAR(T84),IF(J84="E",IF(INDEX(Transaksi!$B$2:$B$2001,K84)="",INDEX(Transaksi!$C$2:$C$2001,K84)&" · "&INDEX(Transaksi!$D$2:$D$2001,K84),INDEX(Transaksi!$B$2:$B$2001,K84)),"")) | C84: =IF(J84="E",INDEX(Transaksi!$C$2:$C$2001,K84)&"","") | D84: =IF(J84="E",INDEX(Transaksi!$D$2:$D$2001,K84)&"","") | E84: =IF(J84="H",SUMIFS(Transaksi!$G$2:$G$2001,Transaksi!$M$2:$M$2001,"="&S84)+SUMIFS(Transaksi!$H$2:$H$2001,Transaksi!$M$2:$M$2001,"="&S84)+SUMIFS(Transaksi!$I$2:$I$2001,Transaksi!$M$2:$M$2001,"="&S84),IF(J84="E",IF(INDEX(Transaksi!$G$2:$G$2001,K84)+INDEX(Transaksi!$H$2:$H$2001,K84)+INDEX(Transaksi!$I$2:$I$2001,K84)=0,"",INDEX(Transaksi!$G$2:$G$2001,K84)+INDEX(Transaksi!$H$2:$H$2001,K84)+INDEX(Transaksi!$I$2:$I$2001,K84)),"")) | F84: =IF(J84="H",SUMIFS(Transaksi!$J$2:$J$2001,Transaksi!$M$2:$M$2001,"="&S84),IF(J84="E",IF(INDEX(Transaksi!$J$2:$J$2001,K84)=0,"",INDEX(Transaksi!$J$2:$J$2001,K84)),"")) | G84: =IF(J84="H",(SUMIFS(Transaksi!$G$2:$G$2001,Transaksi!$M$2:$M$2001,"<="&S84)+SUMIFS(Transaksi!$H$2:$H$2001,Transaksi!$M$2:$M$2001,"<="&S84)+SUMIFS(Transaksi!$I$2:$I$2001,Transaksi!$M$2:$M$2001,"<="&S84))-(SUMIFS(Transaksi!$J$2:$J$2001,Transaksi!$M$2:$M$2001,"<="&S84)),"") | I84: =IF(81>$O$2,"",MATCH(81,$Q$3:$Q$402,1)) | J84: =IF(I84="","",IF(81=INDEX($Q$3:$Q$402,I84),"H","E")) | K84: =IF(J84<>"E","",MATCH(S84,Transaksi!$M$2:$M$2001,0)+81-INDEX($Q$3:$Q$402,I84)-1) | N84: 82 | O84: =IF(N84<=$O$1,$O$1-N84+1,"") | P84: =IF(O84="",0,COUNTIF(Transaksi!$M$2:$M$2001,O84)+1) | Q84: =1+SUM(P$2:P83) | S84: =IF(I84="","",INDEX($O$3:$O$402,I84)) | T84: =IF(J84<>"H","",INDEX(Transaksi!$A$2:$A$2001,MATCH(S84,Transaksi!$M$2:$M$2001,0)))
A85: =IF(J85="E",IF(INDEX(Transaksi!$J$2:$J$2001,K85)>0,"↑","↓"),"") | B85: =IF(J85="H",CHOOSE(WEEKDAY(T85,2),"Isnin","Selasa","Rabu","Khamis","Jumaat","Sabtu","Ahad")&", "&DAY(T85)&" "&CHOOSE(MONTH(T85),"Jan","Feb","Mac","Apr","Mei","Jun","Jul","Ogo","Sep","Okt","Nov","Dis")&" "&YEAR(T85),IF(J85="E",IF(INDEX(Transaksi!$B$2:$B$2001,K85)="",INDEX(Transaksi!$C$2:$C$2001,K85)&" · "&INDEX(Transaksi!$D$2:$D$2001,K85),INDEX(Transaksi!$B$2:$B$2001,K85)),"")) | C85: =IF(J85="E",INDEX(Transaksi!$C$2:$C$2001,K85)&"","") | D85: =IF(J85="E",INDEX(Transaksi!$D$2:$D$2001,K85)&"","") | E85: =IF(J85="H",SUMIFS(Transaksi!$G$2:$G$2001,Transaksi!$M$2:$M$2001,"="&S85)+SUMIFS(Transaksi!$H$2:$H$2001,Transaksi!$M$2:$M$2001,"="&S85)+SUMIFS(Transaksi!$I$2:$I$2001,Transaksi!$M$2:$M$2001,"="&S85),IF(J85="E",IF(INDEX(Transaksi!$G$2:$G$2001,K85)+INDEX(Transaksi!$H$2:$H$2001,K85)+INDEX(Transaksi!$I$2:$I$2001,K85)=0,"",INDEX(Transaksi!$G$2:$G$2001,K85)+INDEX(Transaksi!$H$2:$H$2001,K85)+INDEX(Transaksi!$I$2:$I$2001,K85)),"")) | F85: =IF(J85="H",SUMIFS(Transaksi!$J$2:$J$2001,Transaksi!$M$2:$M$2001,"="&S85),IF(J85="E",IF(INDEX(Transaksi!$J$2:$J$2001,K85)=0,"",INDEX(Transaksi!$J$2:$J$2001,K85)),"")) | G85: =IF(J85="H",(SUMIFS(Transaksi!$G$2:$G$2001,Transaksi!$M$2:$M$2001,"<="&S85)+SUMIFS(Transaksi!$H$2:$H$2001,Transaksi!$M$2:$M$2001,"<="&S85)+SUMIFS(Transaksi!$I$2:$I$2001,Transaksi!$M$2:$M$2001,"<="&S85))-(SUMIFS(Transaksi!$J$2:$J$2001,Transaksi!$M$2:$M$2001,"<="&S85)),"") | I85: =IF(82>$O$2,"",MATCH(82,$Q$3:$Q$402,1)) | J85: =IF(I85="","",IF(82=INDEX($Q$3:$Q$402,I85),"H","E")) | K85: =IF(J85<>"E","",MATCH(S85,Transaksi!$M$2:$M$2001,0)+82-INDEX($Q$3:$Q$402,I85)-1) | N85: 83 | O85: =IF(N85<=$O$1,$O$1-N85+1,"") | P85: =IF(O85="",0,COUNTIF(Transaksi!$M$2:$M$2001,O85)+1) | Q85: =1+SUM(P$2:P84) | S85: =IF(I85="","",INDEX($O$3:$O$402,I85)) | T85: =IF(J85<>"H","",INDEX(Transaksi!$A$2:$A$2001,MATCH(S85,Transaksi!$M$2:$M$2001,0)))
A86: =IF(J86="E",IF(INDEX(Transaksi!$J$2:$J$2001,K86)>0,"↑","↓"),"") | B86: =IF(J86="H",CHOOSE(WEEKDAY(T86,2),"Isnin","Selasa","Rabu","Khamis","Jumaat","Sabtu","Ahad")&", "&DAY(T86)&" "&CHOOSE(MONTH(T86),"Jan","Feb","Mac","Apr","Mei","Jun","Jul","Ogo","Sep","Okt","Nov","Dis")&" "&YEAR(T86),IF(J86="E",IF(INDEX(Transaksi!$B$2:$B$2001,K86)="",INDEX(Transaksi!$C$2:$C$2001,K86)&" · "&INDEX(Transaksi!$D$2:$D$2001,K86),INDEX(Transaksi!$B$2:$B$2001,K86)),"")) | C86: =IF(J86="E",INDEX(Transaksi!$C$2:$C$2001,K86)&"","") | D86: =IF(J86="E",INDEX(Transaksi!$D$2:$D$2001,K86)&"","") | E86: =IF(J86="H",SUMIFS(Transaksi!$G$2:$G$2001,Transaksi!$M$2:$M$2001,"="&S86)+SUMIFS(Transaksi!$H$2:$H$2001,Transaksi!$M$2:$M$2001,"="&S86)+SUMIFS(Transaksi!$I$2:$I$2001,Transaksi!$M$2:$M$2001,"="&S86),IF(J86="E",IF(INDEX(Transaksi!$G$2:$G$2001,K86)+INDEX(Transaksi!$H$2:$H$2001,K86)+INDEX(Transaksi!$I$2:$I$2001,K86)=0,"",INDEX(Transaksi!$G$2:$G$2001,K86)+INDEX(Transaksi!$H$2:$H$2001,K86)+INDEX(Transaksi!$I$2:$I$2001,K86)),"")) | F86: =IF(J86="H",SUMIFS(Transaksi!$J$2:$J$2001,Transaksi!$M$2:$M$2001,"="&S86),IF(J86="E",IF(INDEX(Transaksi!$J$2:$J$2001,K86)=0,"",INDEX(Transaksi!$J$2:$J$2001,K86)),"")) | G86: =IF(J86="H",(SUMIFS(Transaksi!$G$2:$G$2001,Transaksi!$M$2:$M$2001,"<="&S86)+SUMIFS(Transaksi!$H$2:$H$2001,Transaksi!$M$2:$M$2001,"<="&S86)+SUMIFS(Transaksi!$I$2:$I$2001,Transaksi!$M$2:$M$2001,"<="&S86))-(SUMIFS(Transaksi!$J$2:$J$2001,Transaksi!$M$2:$M$2001,"<="&S86)),"") | I86: =IF(83>$O$2,"",MATCH(83,$Q$3:$Q$402,1)) | J86: =IF(I86="","",IF(83=INDEX($Q$3:$Q$402,I86),"H","E")) | K86: =IF(J86<>"E","",MATCH(S86,Transaksi!$M$2:$M$2001,0)+83-INDEX($Q$3:$Q$402,I86)-1) | N86: 84 | O86: =IF(N86<=$O$1,$O$1-N86+1,"") | P86: =IF(O86="",0,COUNTIF(Transaksi!$M$2:$M$2001,O86)+1) | Q86: =1+SUM(P$2:P85) | S86: =IF(I86="","",INDEX($O$3:$O$402,I86)) | T86: =IF(J86<>"H","",INDEX(Transaksi!$A$2:$A$2001,MATCH(S86,Transaksi!$M$2:$M$2001,0)))
A87: =IF(J87="E",IF(INDEX(Transaksi!$J$2:$J$2001,K87)>0,"↑","↓"),"") | B87: =IF(J87="H",CHOOSE(WEEKDAY(T87,2),"Isnin","Selasa","Rabu","Khamis","Jumaat","Sabtu","Ahad")&", "&DAY(T87)&" "&CHOOSE(MONTH(T87),"Jan","Feb","Mac","Apr","Mei","Jun","Jul","Ogo","Sep","Okt","Nov","Dis")&" "&YEAR(T87),IF(J87="E",IF(INDEX(Transaksi!$B$2:$B$2001,K87)="",INDEX(Transaksi!$C$2:$C$2001,K87)&" · "&INDEX(Transaksi!$D$2:$D$2001,K87),INDEX(Transaksi!$B$2:$B$2001,K87)),"")) | C87: =IF(J87="E",INDEX(Transaksi!$C$2:$C$2001,K87)&"","") | D87: =IF(J87="E",INDEX(Transaksi!$D$2:$D$2001,K87)&"","") | E87: =IF(J87="H",SUMIFS(Transaksi!$G$2:$G$2001,Transaksi!$M$2:$M$2001,"="&S87)+SUMIFS(Transaksi!$H$2:$H$2001,Transaksi!$M$2:$M$2001,"="&S87)+SUMIFS(Transaksi!$I$2:$I$2001,Transaksi!$M$2:$M$2001,"="&S87),IF(J87="E",IF(INDEX(Transaksi!$G$2:$G$2001,K87)+INDEX(Transaksi!$H$2:$H$2001,K87)+INDEX(Transaksi!$I$2:$I$2001,K87)=0,"",INDEX(Transaksi!$G$2:$G$2001,K87)+INDEX(Transaksi!$H$2:$H$2001,K87)+INDEX(Transaksi!$I$2:$I$2001,K87)),"")) | F87: =IF(J87="H",SUMIFS(Transaksi!$J$2:$J$2001,Transaksi!$M$2:$M$2001,"="&S87),IF(J87="E",IF(INDEX(Transaksi!$J$2:$J$2001,K87)=0,"",INDEX(Transaksi!$J$2:$J$2001,K87)),"")) | G87: =IF(J87="H",(SUMIFS(Transaksi!$G$2:$G$2001,Transaksi!$M$2:$M$2001,"<="&S87)+SUMIFS(Transaksi!$H$2:$H$2001,Transaksi!$M$2:$M$2001,"<="&S87)+SUMIFS(Transaksi!$I$2:$I$2001,Transaksi!$M$2:$M$2001,"<="&S87))-(SUMIFS(Transaksi!$J$2:$J$2001,Transaksi!$M$2:$M$2001,"<="&S87)),"") | I87: =IF(84>$O$2,"",MATCH(84,$Q$3:$Q$402,1)) | J87: =IF(I87="","",IF(84=INDEX($Q$3:$Q$402,I87),"H","E")) | K87: =IF(J87<>"E","",MATCH(S87,Transaksi!$M$2:$M$2001,0)+84-INDEX($Q$3:$Q$402,I87)-1) | N87: 85 | O87: =IF(N87<=$O$1,$O$1-N87+1,"") | P87: =IF(O87="",0,COUNTIF(Transaksi!$M$2:$M$2001,O87)+1) | Q87: =1+SUM(P$2:P86) | S87: =IF(I87="","",INDEX($O$3:$O$402,I87)) | T87: =IF(J87<>"H","",INDEX(Transaksi!$A$2:$A$2001,MATCH(S87,Transaksi!$M$2:$M$2001,0)))
A88: =IF(J88="E",IF(INDEX(Transaksi!$J$2:$J$2001,K88)>0,"↑","↓"),"") | B88: =IF(J88="H",CHOOSE(WEEKDAY(T88,2),"Isnin","Selasa","Rabu","Khamis","Jumaat","Sabtu","Ahad")&", "&DAY(T88)&" "&CHOOSE(MONTH(T88),"Jan","Feb","Mac","Apr","Mei","Jun","Jul","Ogo","Sep","Okt","Nov","Dis")&" "&YEAR(T88),IF(J88="E",IF(INDEX(Transaksi!$B$2:$B$2001,K88)="",INDEX(Transaksi!$C$2:$C$2001,K88)&" · "&INDEX(Transaksi!$D$2:$D$2001,K88),INDEX(Transaksi!$B$2:$B$2001,K88)),"")) | C88: =IF(J88="E",INDEX(Transaksi!$C$2:$C$2001,K88)&"","") | D88: =IF(J88="E",INDEX(Transaksi!$D$2:$D$2001,K88)&"","") | E88: =IF(J88="H",SUMIFS(Transaksi!$G$2:$G$2001,Transaksi!$M$2:$M$2001,"="&S88)+SUMIFS(Transaksi!$H$2:$H$2001,Transaksi!$M$2:$M$2001,"="&S88)+SUMIFS(Transaksi!$I$2:$I$2001,Transaksi!$M$2:$M$2001,"="&S88),IF(J88="E",IF(INDEX(Transaksi!$G$2:$G$2001,K88)+INDEX(Transaksi!$H$2:$H$2001,K88)+INDEX(Transaksi!$I$2:$I$2001,K88)=0,"",INDEX(Transaksi!$G$2:$G$2001,K88)+INDEX(Transaksi!$H$2:$H$2001,K88)+INDEX(Transaksi!$I$2:$I$2001,K88)),"")) | F88: =IF(J88="H",SUMIFS(Transaksi!$J$2:$J$2001,Transaksi!$M$2:$M$2001,"="&S88),IF(J88="E",IF(INDEX(Transaksi!$J$2:$J$2001,K88)=0,"",INDEX(Transaksi!$J$2:$J$2001,K88)),"")) | G88: =IF(J88="H",(SUMIFS(Transaksi!$G$2:$G$2001,Transaksi!$M$2:$M$2001,"<="&S88)+SUMIFS(Transaksi!$H$2:$H$2001,Transaksi!$M$2:$M$2001,"<="&S88)+SUMIFS(Transaksi!$I$2:$I$2001,Transaksi!$M$2:$M$2001,"<="&S88))-(SUMIFS(Transaksi!$J$2:$J$2001,Transaksi!$M$2:$M$2001,"<="&S88)),"") | I88: =IF(85>$O$2,"",MATCH(85,$Q$3:$Q$402,1)) | J88: =IF(I88="","",IF(85=INDEX($Q$3:$Q$402,I88),"H","E")) | K88: =IF(J88<>"E","",MATCH(S88,Transaksi!$M$2:$M$2001,0)+85-INDEX($Q$3:$Q$402,I88)-1) | N88: 86 | O88: =IF(N88<=$O$1,$O$1-N88+1,"") | P88: =IF(O88="",0,COUNTIF(Transaksi!$M$2:$M$2001,O88)+1) | Q88: =1+SUM(P$2:P87) | S88: =IF(I88="","",INDEX($O$3:$O$402,I88)) | T88: =IF(J88<>"H","",INDEX(Transaksi!$A$2:$A$2001,MATCH(S88,Transaksi!$M$2:$M$2001,0)))
A89: =IF(J89="E",IF(INDEX(Transaksi!$J$2:$J$2001,K89)>0,"↑","↓"),"") | B89: =IF(J89="H",CHOOSE(WEEKDAY(T89,2),"Isnin","Selasa","Rabu","Khamis","Jumaat","Sabtu","Ahad")&", "&DAY(T89)&" "&CHOOSE(MONTH(T89),"Jan","Feb","Mac","Apr","Mei","Jun","Jul","Ogo","Sep","Okt","Nov","Dis")&" "&YEAR(T89),IF(J89="E",IF(INDEX(Transaksi!$B$2:$B$2001,K89)="",INDEX(Transaksi!$C$2:$C$2001,K89)&" · "&INDEX(Transaksi!$D$2:$D$2001,K89),INDEX(Transaksi!$B$2:$B$2001,K89)),"")) | C89: =IF(J89="E",INDEX(Transaksi!$C$2:$C$2001,K89)&"","") | D89: =IF(J89="E",INDEX(Transaksi!$D$2:$D$2001,K89)&"","") | E89: =IF(J89="H",SUMIFS(Transaksi!$G$2:$G$2001,Transaksi!$M$2:$M$2001,"="&S89)+SUMIFS(Transaksi!$H$2:$H$2001,Transaksi!$M$2:$M$2001,"="&S89)+SUMIFS(Transaksi!$I$2:$I$2001,Transaksi!$M$2:$M$2001,"="&S89),IF(J89="E",IF(INDEX(Transaksi!$G$2:$G$2001,K89)+INDEX(Transaksi!$H$2:$H$2001,K89)+INDEX(Transaksi!$I$2:$I$2001,K89)=0,"",INDEX(Transaksi!$G$2:$G$2001,K89)+INDEX(Transaksi!$H$2:$H$2001,K89)+INDEX(Transaksi!$I$2:$I$2001,K89)),"")) | F89: =IF(J89="H",SUMIFS(Transaksi!$J$2:$J$2001,Transaksi!$M$2:$M$2001,"="&S89),IF(J89="E",IF(INDEX(Transaksi!$J$2:$J$2001,K89)=0,"",INDEX(Transaksi!$J$2:$J$2001,K89)),"")) | G89: =IF(J89="H",(SUMIFS(Transaksi!$G$2:$G$2001,Transaksi!$M$2:$M$2001,"<="&S89)+SUMIFS(Transaksi!$H$2:$H$2001,Transaksi!$M$2:$M$2001,"<="&S89)+SUMIFS(Transaksi!$I$2:$I$2001,Transaksi!$M$2:$M$2001,"<="&S89))-(SUMIFS(Transaksi!$J$2:$J$2001,Transaksi!$M$2:$M$2001,"<="&S89)),"") | I89: =IF(86>$O$2,"",MATCH(86,$Q$3:$Q$402,1)) | J89: =IF(I89="","",IF(86=INDEX($Q$3:$Q$402,I89),"H","E")) | K89: =IF(J89<>"E","",MATCH(S89,Transaksi!$M$2:$M$2001,0)+86-INDEX($Q$3:$Q$402,I89)-1) | N89: 87 | O89: =IF(N89<=$O$1,$O$1-N89+1,"") | P89: =IF(O89="",0,COUNTIF(Transaksi!$M$2:$M$2001,O89)+1) | Q89: =1+SUM(P$2:P88) | S89: =IF(I89="","",INDEX($O$3:$O$402,I89)) | T89: =IF(J89<>"H","",INDEX(Transaksi!$A$2:$A$2001,MATCH(S89,Transaksi!$M$2:$M$2001,0)))
A90: =IF(J90="E",IF(INDEX(Transaksi!$J$2:$J$2001,K90)>0,"↑","↓"),"") | B90: =IF(J90="H",CHOOSE(WEEKDAY(T90,2),"Isnin","Selasa","Rabu","Khamis","Jumaat","Sabtu","Ahad")&", "&DAY(T90)&" "&CHOOSE(MONTH(T90),"Jan","Feb","Mac","Apr","Mei","Jun","Jul","Ogo","Sep","Okt","Nov","Dis")&" "&YEAR(T90),IF(J90="E",IF(INDEX(Transaksi!$B$2:$B$2001,K90)="",INDEX(Transaksi!$C$2:$C$2001,K90)&" · "&INDEX(Transaksi!$D$2:$D$2001,K90),INDEX(Transaksi!$B$2:$B$2001,K90)),"")) | C90: =IF(J90="E",INDEX(Transaksi!$C$2:$C$2001,K90)&"","") | D90: =IF(J90="E",INDEX(Transaksi!$D$2:$D$2001,K90)&"","") | E90: =IF(J90="H",SUMIFS(Transaksi!$G$2:$G$2001,Transaksi!$M$2:$M$2001,"="&S90)+SUMIFS(Transaksi!$H$2:$H$2001,Transaksi!$M$2:$M$2001,"="&S90)+SUMIFS(Transaksi!$I$2:$I$2001,Transaksi!$M$2:$M$2001,"="&S90),IF(J90="E",IF(INDEX(Transaksi!$G$2:$G$2001,K90)+INDEX(Transaksi!$H$2:$H$2001,K90)+INDEX(Transaksi!$I$2:$I$2001,K90)=0,"",INDEX(Transaksi!$G$2:$G$2001,K90)+INDEX(Transaksi!$H$2:$H$2001,K90)+INDEX(Transaksi!$I$2:$I$2001,K90)),"")) | F90: =IF(J90="H",SUMIFS(Transaksi!$J$2:$J$2001,Transaksi!$M$2:$M$2001,"="&S90),IF(J90="E",IF(INDEX(Transaksi!$J$2:$J$2001,K90)=0,"",INDEX(Transaksi!$J$2:$J$2001,K90)),"")) | G90: =IF(J90="H",(SUMIFS(Transaksi!$G$2:$G$2001,Transaksi!$M$2:$M$2001,"<="&S90)+SUMIFS(Transaksi!$H$2:$H$2001,Transaksi!$M$2:$M$2001,"<="&S90)+SUMIFS(Transaksi!$I$2:$I$2001,Transaksi!$M$2:$M$2001,"<="&S90))-(SUMIFS(Transaksi!$J$2:$J$2001,Transaksi!$M$2:$M$2001,"<="&S90)),"") | I90: =IF(87>$O$2,"",MATCH(87,$Q$3:$Q$402,1)) | J90: =IF(I90="","",IF(87=INDEX($Q$3:$Q$402,I90),"H","E")) | K90: =IF(J90<>"E","",MATCH(S90,Transaksi!$M$2:$M$2001,0)+87-INDEX($Q$3:$Q$402,I90)-1) | N90: 88 | O90: =IF(N90<=$O$1,$O$1-N90+1,"") | P90: =IF(O90="",0,COUNTIF(Transaksi!$M$2:$M$2001,O90)+1) | Q90: =1+SUM(P$2:P89) | S90: =IF(I90="","",INDEX($O$3:$O$402,I90)) | T90: =IF(J90<>"H","",INDEX(Transaksi!$A$2:$A$2001,MATCH(S90,Transaksi!$M$2:$M$2001,0)))
A91: =IF(J91="E",IF(INDEX(Transaksi!$J$2:$J$2001,K91)>0,"↑","↓"),"") | B91: =IF(J91="H",CHOOSE(WEEKDAY(T91,2),"Isnin","Selasa","Rabu","Khamis","Jumaat","Sabtu","Ahad")&", "&DAY(T91)&" "&CHOOSE(MONTH(T91),"Jan","Feb","Mac","Apr","Mei","Jun","Jul","Ogo","Sep","Okt","Nov","Dis")&" "&YEAR(T91),IF(J91="E",IF(INDEX(Transaksi!$B$2:$B$2001,K91)="",INDEX(Transaksi!$C$2:$C$2001,K91)&" · "&INDEX(Transaksi!$D$2:$D$2001,K91),INDEX(Transaksi!$B$2:$B$2001,K91)),"")) | C91: =IF(J91="E",INDEX(Transaksi!$C$2:$C$2001,K91)&"","") | D91: =IF(J91="E",INDEX(Transaksi!$D$2:$D$2001,K91)&"","") | E91: =IF(J91="H",SUMIFS(Transaksi!$G$2:$G$2001,Transaksi!$M$2:$M$2001,"="&S91)+SUMIFS(Transaksi!$H$2:$H$2001,Transaksi!$M$2:$M$2001,"="&S91)+SUMIFS(Transaksi!$I$2:$I$2001,Transaksi!$M$2:$M$2001,"="&S91),IF(J91="E",IF(INDEX(Transaksi!$G$2:$G$2001,K91)+INDEX(Transaksi!$H$2:$H$2001,K91)+INDEX(Transaksi!$I$2:$I$2001,K91)=0,"",INDEX(Transaksi!$G$2:$G$2001,K91)+INDEX(Transaksi!$H$2:$H$2001,K91)+INDEX(Transaksi!$I$2:$I$2001,K91)),"")) | F91: =IF(J91="H",SUMIFS(Transaksi!$J$2:$J$2001,Transaksi!$M$2:$M$2001,"="&S91),IF(J91="E",IF(INDEX(Transaksi!$J$2:$J$2001,K91)=0,"",INDEX(Transaksi!$J$2:$J$2001,K91)),"")) | G91: =IF(J91="H",(SUMIFS(Transaksi!$G$2:$G$2001,Transaksi!$M$2:$M$2001,"<="&S91)+SUMIFS(Transaksi!$H$2:$H$2001,Transaksi!$M$2:$M$2001,"<="&S91)+SUMIFS(Transaksi!$I$2:$I$2001,Transaksi!$M$2:$M$2001,"<="&S91))-(SUMIFS(Transaksi!$J$2:$J$2001,Transaksi!$M$2:$M$2001,"<="&S91)),"") | I91: =IF(88>$O$2,"",MATCH(88,$Q$3:$Q$402,1)) | J91: =IF(I91="","",IF(88=INDEX($Q$3:$Q$402,I91),"H","E")) | K91: =IF(J91<>"E","",MATCH(S91,Transaksi!$M$2:$M$2001,0)+88-INDEX($Q$3:$Q$402,I91)-1) | N91: 89 | O91: =IF(N91<=$O$1,$O$1-N91+1,"") | P91: =IF(O91="",0,COUNTIF(Transaksi!$M$2:$M$2001,O91)+1) | Q91: =1+SUM(P$2:P90) | S91: =IF(I91="","",INDEX($O$3:$O$402,I91)) | T91: =IF(J91<>"H","",INDEX(Transaksi!$A$2:$A$2001,MATCH(S91,Transaksi!$M$2:$M$2001,0)))
A92: =IF(J92="E",IF(INDEX(Transaksi!$J$2:$J$2001,K92)>0,"↑","↓"),"") | B92: =IF(J92="H",CHOOSE(WEEKDAY(T92,2),"Isnin","Selasa","Rabu","Khamis","Jumaat","Sabtu","Ahad")&", "&DAY(T92)&" "&CHOOSE(MONTH(T92),"Jan","Feb","Mac","Apr","Mei","Jun","Jul","Ogo","Sep","Okt","Nov","Dis")&" "&YEAR(T92),IF(J92="E",IF(INDEX(Transaksi!$B$2:$B$2001,K92)="",INDEX(Transaksi!$C$2:$C$2001,K92)&" · "&INDEX(Transaksi!$D$2:$D$2001,K92),INDEX(Transaksi!$B$2:$B$2001,K92)),"")) | C92: =IF(J92="E",INDEX(Transaksi!$C$2:$C$2001,K92)&"","") | D92: =IF(J92="E",INDEX(Transaksi!$D$2:$D$2001,K92)&"","") | E92: =IF(J92="H",SUMIFS(Transaksi!$G$2:$G$2001,Transaksi!$M$2:$M$2001,"="&S92)+SUMIFS(Transaksi!$H$2:$H$2001,Transaksi!$M$2:$M$2001,"="&S92)+SUMIFS(Transaksi!$I$2:$I$2001,Transaksi!$M$2:$M$2001,"="&S92),IF(J92="E",IF(INDEX(Transaksi!$G$2:$G$2001,K92)+INDEX(Transaksi!$H$2:$H$2001,K92)+INDEX(Transaksi!$I$2:$I$2001,K92)=0,"",INDEX(Transaksi!$G$2:$G$2001,K92)+INDEX(Transaksi!$H$2:$H$2001,K92)+INDEX(Transaksi!$I$2:$I$2001,K92)),"")) | F92: =IF(J92="H",SUMIFS(Transaksi!$J$2:$J$2001,Transaksi!$M$2:$M$2001,"="&S92),IF(J92="E",IF(INDEX(Transaksi!$J$2:$J$2001,K92)=0,"",INDEX(Transaksi!$J$2:$J$2001,K92)),"")) | G92: =IF(J92="H",(SUMIFS(Transaksi!$G$2:$G$2001,Transaksi!$M$2:$M$2001,"<="&S92)+SUMIFS(Transaksi!$H$2:$H$2001,Transaksi!$M$2:$M$2001,"<="&S92)+SUMIFS(Transaksi!$I$2:$I$2001,Transaksi!$M$2:$M$2001,"<="&S92))-(SUMIFS(Transaksi!$J$2:$J$2001,Transaksi!$M$2:$M$2001,"<="&S92)),"") | I92: =IF(89>$O$2,"",MATCH(89,$Q$3:$Q$402,1)) | J92: =IF(I92="","",IF(89=INDEX($Q$3:$Q$402,I92),"H","E")) | K92: =IF(J92<>"E","",MATCH(S92,Transaksi!$M$2:$M$2001,0)+89-INDEX($Q$3:$Q$402,I92)-1) | N92: 90 | O92: =IF(N92<=$O$1,$O$1-N92+1,"") | P92: =IF(O92="",0,COUNTIF(Transaksi!$M$2:$M$2001,O92)+1) | Q92: =1+SUM(P$2:P91) | S92: =IF(I92="","",INDEX($O$3:$O$402,I92)) | T92: =IF(J92<>"H","",INDEX(Transaksi!$A$2:$A$2001,MATCH(S92,Transaksi!$M$2:$M$2001,0)))
A93: =IF(J93="E",IF(INDEX(Transaksi!$J$2:$J$2001,K93)>0,"↑","↓"),"") | B93: =IF(J93="H",CHOOSE(WEEKDAY(T93,2),"Isnin","Selasa","Rabu","Khamis","Jumaat","Sabtu","Ahad")&", "&DAY(T93)&" "&CHOOSE(MONTH(T93),"Jan","Feb","Mac","Apr","Mei","Jun","Jul","Ogo","Sep","Okt","Nov","Dis")&" "&YEAR(T93),IF(J93="E",IF(INDEX(Transaksi!$B$2:$B$2001,K93)="",INDEX(Transaksi!$C$2:$C$2001,K93)&" · "&INDEX(Transaksi!$D$2:$D$2001,K93),INDEX(Transaksi!$B$2:$B$2001,K93)),"")) | C93: =IF(J93="E",INDEX(Transaksi!$C$2:$C$2001,K93)&"","") | D93: =IF(J93="E",INDEX(Transaksi!$D$2:$D$2001,K93)&"","") | E93: =IF(J93="H",SUMIFS(Transaksi!$G$2:$G$2001,Transaksi!$M$2:$M$2001,"="&S93)+SUMIFS(Transaksi!$H$2:$H$2001,Transaksi!$M$2:$M$2001,"="&S93)+SUMIFS(Transaksi!$I$2:$I$2001,Transaksi!$M$2:$M$2001,"="&S93),IF(J93="E",IF(INDEX(Transaksi!$G$2:$G$2001,K93)+INDEX(Transaksi!$H$2:$H$2001,K93)+INDEX(Transaksi!$I$2:$I$2001,K93)=0,"",INDEX(Transaksi!$G$2:$G$2001,K93)+INDEX(Transaksi!$H$2:$H$2001,K93)+INDEX(Transaksi!$I$2:$I$2001,K93)),"")) | F93: =IF(J93="H",SUMIFS(Transaksi!$J$2:$J$2001,Transaksi!$M$2:$M$2001,"="&S93),IF(J93="E",IF(INDEX(Transaksi!$J$2:$J$2001,K93)=0,"",INDEX(Transaksi!$J$2:$J$2001,K93)),"")) | G93: =IF(J93="H",(SUMIFS(Transaksi!$G$2:$G$2001,Transaksi!$M$2:$M$2001,"<="&S93)+SUMIFS(Transaksi!$H$2:$H$2001,Transaksi!$M$2:$M$2001,"<="&S93)+SUMIFS(Transaksi!$I$2:$I$2001,Transaksi!$M$2:$M$2001,"<="&S93))-(SUMIFS(Transaksi!$J$2:$J$2001,Transaksi!$M$2:$M$2001,"<="&S93)),"") | I93: =IF(90>$O$2,"",MATCH(90,$Q$3:$Q$402,1)) | J93: =IF(I93="","",IF(90=INDEX($Q$3:$Q$402,I93),"H","E")) | K93: =IF(J93<>"E","",MATCH(S93,Transaksi!$M$2:$M$2001,0)+90-INDEX($Q$3:$Q$402,I93)-1) | N93: 91 | O93: =IF(N93<=$O$1,$O$1-N93+1,"") | P93: =IF(O93="",0,COUNTIF(Transaksi!$M$2:$M$2001,O93)+1) | Q93: =1+SUM(P$2:P92) | S93: =IF(I93="","",INDEX($O$3:$O$402,I93)) | T93: =IF(J93<>"H","",INDEX(Transaksi!$A$2:$A$2001,MATCH(S93,Transaksi!$M$2:$M$2001,0)))
A94: =IF(J94="E",IF(INDEX(Transaksi!$J$2:$J$2001,K94)>0,"↑","↓"),"") | B94: =IF(J94="H",CHOOSE(WEEKDAY(T94,2),"Isnin","Selasa","Rabu","Khamis","Jumaat","Sabtu","Ahad")&", "&DAY(T94)&" "&CHOOSE(MONTH(T94),"Jan","Feb","Mac","Apr","Mei","Jun","Jul","Ogo","Sep","Okt","Nov","Dis")&" "&YEAR(T94),IF(J94="E",IF(INDEX(Transaksi!$B$2:$B$2001,K94)="",INDEX(Transaksi!$C$2:$C$2001,K94)&" · "&INDEX(Transaksi!$D$2:$D$2001,K94),INDEX(Transaksi!$B$2:$B$2001,K94)),"")) | C94: =IF(J94="E",INDEX(Transaksi!$C$2:$C$2001,K94)&"","") | D94: =IF(J94="E",INDEX(Transaksi!$D$2:$D$2001,K94)&"","") | E94: =IF(J94="H",SUMIFS(Transaksi!$G$2:$G$2001,Transaksi!$M$2:$M$2001,"="&S94)+SUMIFS(Transaksi!$H$2:$H$2001,Transaksi!$M$2:$M$2001,"="&S94)+SUMIFS(Transaksi!$I$2:$I$2001,Transaksi!$M$2:$M$2001,"="&S94),IF(J94="E",IF(INDEX(Transaksi!$G$2:$G$2001,K94)+INDEX(Transaksi!$H$2:$H$2001,K94)+INDEX(Transaksi!$I$2:$I$2001,K94)=0,"",INDEX(Transaksi!$G$2:$G$2001,K94)+INDEX(Transaksi!$H$2:$H$2001,K94)+INDEX(Transaksi!$I$2:$I$2001,K94)),"")) | F94: =IF(J94="H",SUMIFS(Transaksi!$J$2:$J$2001,Transaksi!$M$2:$M$2001,"="&S94),IF(J94="E",IF(INDEX(Transaksi!$J$2:$J$2001,K94)=0,"",INDEX(Transaksi!$J$2:$J$2001,K94)),"")) | G94: =IF(J94="H",(SUMIFS(Transaksi!$G$2:$G$2001,Transaksi!$M$2:$M$2001,"<="&S94)+SUMIFS(Transaksi!$H$2:$H$2001,Transaksi!$M$2:$M$2001,"<="&S94)+SUMIFS(Transaksi!$I$2:$I$2001,Transaksi!$M$2:$M$2001,"<="&S94))-(SUMIFS(Transaksi!$J$2:$J$2001,Transaksi!$M$2:$M$2001,"<="&S94)),"") | I94: =IF(91>$O$2,"",MATCH(91,$Q$3:$Q$402,1)) | J94: =IF(I94="","",IF(91=INDEX($Q$3:$Q$402,I94),"H","E")) | K94: =IF(J94<>"E","",MATCH(S94,Transaksi!$M$2:$M$2001,0)+91-INDEX($Q$3:$Q$402,I94)-1) | N94: 92 | O94: =IF(N94<=$O$1,$O$1-N94+1,"") | P94: =IF(O94="",0,COUNTIF(Transaksi!$M$2:$M$2001,O94)+1) | Q94: =1+SUM(P$2:P93) | S94: =IF(I94="","",INDEX($O$3:$O$402,I94)) | T94: =IF(J94<>"H","",INDEX(Transaksi!$A$2:$A$2001,MATCH(S94,Transaksi!$M$2:$M$2001,0)))
A95: =IF(J95="E",IF(INDEX(Transaksi!$J$2:$J$2001,K95)>0,"↑","↓"),"") | B95: =IF(J95="H",CHOOSE(WEEKDAY(T95,2),"Isnin","Selasa","Rabu","Khamis","Jumaat","Sabtu","Ahad")&", "&DAY(T95)&" "&CHOOSE(MONTH(T95),"Jan","Feb","Mac","Apr","Mei","Jun","Jul","Ogo","Sep","Okt","Nov","Dis")&" "&YEAR(T95),IF(J95="E",IF(INDEX(Transaksi!$B$2:$B$2001,K95)="",INDEX(Transaksi!$C$2:$C$2001,K95)&" · "&INDEX(Transaksi!$D$2:$D$2001,K95),INDEX(Transaksi!$B$2:$B$2001,K95)),"")) | C95: =IF(J95="E",INDEX(Transaksi!$C$2:$C$2001,K95)&"","") | D95: =IF(J95="E",INDEX(Transaksi!$D$2:$D$2001,K95)&"","") | E95: =IF(J95="H",SUMIFS(Transaksi!$G$2:$G$2001,Transaksi!$M$2:$M$2001,"="&S95)+SUMIFS(Transaksi!$H$2:$H$2001,Transaksi!$M$2:$M$2001,"="&S95)+SUMIFS(Transaksi!$I$2:$I$2001,Transaksi!$M$2:$M$2001,"="&S95),IF(J95="E",IF(INDEX(Transaksi!$G$2:$G$2001,K95)+INDEX(Transaksi!$H$2:$H$2001,K95)+INDEX(Transaksi!$I$2:$I$2001,K95)=0,"",INDEX(Transaksi!$G$2:$G$2001,K95)+INDEX(Transaksi!$H$2:$H$2001,K95)+INDEX(Transaksi!$I$2:$I$2001,K95)),"")) | F95: =IF(J95="H",SUMIFS(Transaksi!$J$2:$J$2001,Transaksi!$M$2:$M$2001,"="&S95),IF(J95="E",IF(INDEX(Transaksi!$J$2:$J$2001,K95)=0,"",INDEX(Transaksi!$J$2:$J$2001,K95)),"")) | G95: =IF(J95="H",(SUMIFS(Transaksi!$G$2:$G$2001,Transaksi!$M$2:$M$2001,"<="&S95)+SUMIFS(Transaksi!$H$2:$H$2001,Transaksi!$M$2:$M$2001,"<="&S95)+SUMIFS(Transaksi!$I$2:$I$2001,Transaksi!$M$2:$M$2001,"<="&S95))-(SUMIFS(Transaksi!$J$2:$J$2001,Transaksi!$M$2:$M$2001,"<="&S95)),"") | I95: =IF(92>$O$2,"",MATCH(92,$Q$3:$Q$402,1)) | J95: =IF(I95="","",IF(92=INDEX($Q$3:$Q$402,I95),"H","E")) | K95: =IF(J95<>"E","",MATCH(S95,Transaksi!$M$2:$M$2001,0)+92-INDEX($Q$3:$Q$402,I95)-1) | N95: 93 | O95: =IF(N95<=$O$1,$O$1-N95+1,"") | P95: =IF(O95="",0,COUNTIF(Transaksi!$M$2:$M$2001,O95)+1) | Q95: =1+SUM(P$2:P94) | S95: =IF(I95="","",INDEX($O$3:$O$402,I95)) | T95: =IF(J95<>"H","",INDEX(Transaksi!$A$2:$A$2001,MATCH(S95,Transaksi!$M$2:$M$2001,0)))
A96: =IF(J96="E",IF(INDEX(Transaksi!$J$2:$J$2001,K96)>0,"↑","↓"),"") | B96: =IF(J96="H",CHOOSE(WEEKDAY(T96,2),"Isnin","Selasa","Rabu","Khamis","Jumaat","Sabtu","Ahad")&", "&DAY(T96)&" "&CHOOSE(MONTH(T96),"Jan","Feb","Mac","Apr","Mei","Jun","Jul","Ogo","Sep","Okt","Nov","Dis")&" "&YEAR(T96),IF(J96="E",IF(INDEX(Transaksi!$B$2:$B$2001,K96)="",INDEX(Transaksi!$C$2:$C$2001,K96)&" · "&INDEX(Transaksi!$D$2:$D$2001,K96),INDEX(Transaksi!$B$2:$B$2001,K96)),"")) | C96: =IF(J96="E",INDEX(Transaksi!$C$2:$C$2001,K96)&"","") | D96: =IF(J96="E",INDEX(Transaksi!$D$2:$D$2001,K96)&"","") | E96: =IF(J96="H",SUMIFS(Transaksi!$G$2:$G$2001,Transaksi!$M$2:$M$2001,"="&S96)+SUMIFS(Transaksi!$H$2:$H$2001,Transaksi!$M$2:$M$2001,"="&S96)+SUMIFS(Transaksi!$I$2:$I$2001,Transaksi!$M$2:$M$2001,"="&S96),IF(J96="E",IF(INDEX(Transaksi!$G$2:$G$2001,K96)+INDEX(Transaksi!$H$2:$H$2001,K96)+INDEX(Transaksi!$I$2:$I$2001,K96)=0,"",INDEX(Transaksi!$G$2:$G$2001,K96)+INDEX(Transaksi!$H$2:$H$2001,K96)+INDEX(Transaksi!$I$2:$I$2001,K96)),"")) | F96: =IF(J96="H",SUMIFS(Transaksi!$J$2:$J$2001,Transaksi!$M$2:$M$2001,"="&S96),IF(J96="E",IF(INDEX(Transaksi!$J$2:$J$2001,K96)=0,"",INDEX(Transaksi!$J$2:$J$2001,K96)),"")) | G96: =IF(J96="H",(SUMIFS(Transaksi!$G$2:$G$2001,Transaksi!$M$2:$M$2001,"<="&S96)+SUMIFS(Transaksi!$H$2:$H$2001,Transaksi!$M$2:$M$2001,"<="&S96)+SUMIFS(Transaksi!$I$2:$I$2001,Transaksi!$M$2:$M$2001,"<="&S96))-(SUMIFS(Transaksi!$J$2:$J$2001,Transaksi!$M$2:$M$2001,"<="&S96)),"") | I96: =IF(93>$O$2,"",MATCH(93,$Q$3:$Q$402,1)) | J96: =IF(I96="","",IF(93=INDEX($Q$3:$Q$402,I96),"H","E")) | K96: =IF(J96<>"E","",MATCH(S96,Transaksi!$M$2:$M$2001,0)+93-INDEX($Q$3:$Q$402,I96)-1) | N96: 94 | O96: =IF(N96<=$O$1,$O$1-N96+1,"") | P96: =IF(O96="",0,COUNTIF(Transaksi!$M$2:$M$2001,O96)+1) | Q96: =1+SUM(P$2:P95) | S96: =IF(I96="","",INDEX($O$3:$O$402,I96)) | T96: =IF(J96<>"H","",INDEX(Transaksi!$A$2:$A$2001,MATCH(S96,Transaksi!$M$2:$M$2001,0)))
